Date/Time,roomTemp (deg C),defroStat,compStat,evapStat
19-04-2024 14:14,8.8,OFF,OFF,OFF
19-04-2024 14:43,-13.4,OFF,ON,ON
19-04-2024 15:12,-14.9,OFF,ON,ON
19-04-2024 15:41,-16.2,OFF,ON,ON
19-04-2024 16:07,-17,OFF,ON,ON
19-04-2024 16:36,-17.5,OFF,ON,ON
19-04-2024 16:54,-17.7,ON,OFF,OFF
19-04-2024 17:23,3.3,OFF,ON,OFF
19-04-2024 17:24,-0.1,OFF,ON,ON
19-04-2024 17:53,-15.5,OFF,ON,ON
19-04-2024 18:22,-16.6,OFF,ON,ON
19-04-2024 18:51,-17.4,OFF,ON,ON
19-04-2024 19:20,-18.5,OFF,ON,ON
19-04-2024 19:49,-19.2,OFF,ON,ON
19-04-2024 19:54,-19.3,ON,OFF,OFF
19-04-2024 20:14,10.2,OFF,OFF,OFF
19-04-2024 20:24,0.6,OFF,ON,ON
19-04-2024 20:53,-16.8,OFF,ON,ON
19-04-2024 21:22,-18.4,OFF,ON,ON
19-04-2024 21:51,-19.2,OFF,ON,ON
19-04-2024 22:20,-17.5,OFF,ON,ON
19-04-2024 22:49,-19.2,OFF,ON,ON
19-04-2024 23:14,8.7,OFF,OFF,OFF
19-04-2024 23:43,-16.3,OFF,ON,ON
20-04-2024 00:12,-18.5,OFF,ON,ON
20-04-2024 00:41,-19.6,OFF,ON,ON
20-04-2024 01:10,-19.6,OFF,ON,ON
20-04-2024 01:39,-19.9,OFF,ON,ON
20-04-2024 01:41,-20,OFF,OFF,ON
20-04-2024 01:54,-19.6,ON,OFF,OFF
20-04-2024 02:23,2.9,OFF,ON,OFF
20-04-2024 02:52,-17.6,OFF,ON,ON
20-04-2024 03:21,-19.3,OFF,ON,ON
20-04-2024 03:50,-19.4,OFF,ON,ON
20-04-2024 04:19,-19.5,OFF,OFF,ON
20-04-2024 04:48,-19.8,OFF,ON,ON
20-04-2024 04:50,-20,OFF,OFF,ON
20-04-2024 05:13,10.7,OFF,OFF,OFF
20-04-2024 05:23,0.3,OFF,ON,ON
20-04-2024 05:52,-12.9,OFF,ON,ON
20-04-2024 06:21,-12.3,OFF,ON,ON
20-04-2024 06:50,-12.4,OFF,ON,ON
20-04-2024 07:19,-13.9,OFF,ON,ON
20-04-2024 07:48,-14.9,OFF,ON,ON
20-04-2024 08:17,12,OFF,OFF,OFF
20-04-2024 08:46,-13.1,OFF,ON,ON
20-04-2024 09:15,-15.4,OFF,ON,ON
20-04-2024 09:44,-16.4,OFF,ON,ON
20-04-2024 10:13,-14.8,OFF,ON,ON
20-04-2024 10:42,-17,OFF,ON,ON
20-04-2024 10:53,-17.3,ON,OFF,OFF
20-04-2024 11:22,3.2,OFF,ON,OFF
20-04-2024 11:51,-15.4,OFF,ON,ON
20-04-2024 12:20,-14.6,OFF,ON,ON
20-04-2024 12:49,-16.8,OFF,ON,ON
20-04-2024 13:18,-17.8,OFF,ON,ON
20-04-2024 13:47,-18.5,OFF,ON,ON
20-04-2024 13:53,-18.7,ON,OFF,OFF
20-04-2024 14:42,-15.5,OFF,ON,ON
20-04-2024 15:11,-18,OFF,ON,ON
20-04-2024 15:40,-19.3,OFF,ON,ON
20-04-2024 16:09,-18,OFF,ON,ON
20-04-2024 16:39,-18.4,OFF,ON,ON
20-04-2024 16:53,-19.7,ON,OFF,OFF
20-04-2024 17:22,3.7,OFF,ON,OFF
20-04-2024 17:51,-14.4,OFF,ON,ON
20-04-2024 18:20,-17.7,OFF,ON,ON
20-04-2024 18:49,-19.1,OFF,ON,ON
20-04-2024 19:18,-19.8,OFF,ON,ON
20-04-2024 19:28,-20,OFF,OFF,ON
20-04-2024 19:53,-19.5,ON,OFF,OFF
20-04-2024 20:22,3.2,OFF,ON,OFF
20-04-2024 20:51,-17.4,OFF,ON,ON
20-04-2024 21:20,-19.5,OFF,ON,ON
20-04-2024 21:49,-18.2,OFF,ON,ON
20-04-2024 22:18,-19.5,OFF,ON,ON
20-04-2024 22:29,-20,OFF,OFF,ON
20-04-2024 22:58,-13.8,ON,OFF,OFF
20-04-2024 23:22,0.1,OFF,ON,ON
20-04-2024 23:51,-17.1,OFF,ON,ON
21-04-2024 00:20,-19,OFF,ON,ON
21-04-2024 00:48,-20,OFF,OFF,ON
21-04-2024 01:16,-20,OFF,OFF,ON
21-04-2024 01:45,-19.8,OFF,ON,ON
21-04-2024 01:52,-18.5,ON,OFF,OFF
21-04-2024 02:21,5.3,OFF,ON,OFF
21-04-2024 02:50,-17.1,OFF,ON,ON
21-04-2024 03:19,-13.4,OFF,ON,ON
21-04-2024 03:48,-16.1,OFF,ON,ON
21-04-2024 04:17,-17.3,OFF,ON,ON
21-04-2024 04:46,-18.2,OFF,ON,ON
21-04-2024 05:12,10.7,OFF,OFF,OFF
21-04-2024 05:41,-6,OFF,ON,ON
21-04-2024 05:47,-7,OFF,ON,ON
21-04-2024 06:16,-8.9,OFF,ON,ON
21-04-2024 06:45,-10.1,OFF,ON,ON
21-04-2024 07:14,-11.5,OFF,ON,ON
21-04-2024 07:43,-12.9,OFF,ON,ON
21-04-2024 07:52,-13.3,ON,OFF,OFF
21-04-2024 08:12,11.1,OFF,OFF,OFF
21-04-2024 08:22,0.4,OFF,ON,ON
21-04-2024 08:51,-11.3,OFF,ON,ON
21-04-2024 09:20,-12.8,OFF,ON,ON
21-04-2024 09:49,-14.3,OFF,ON,ON
21-04-2024 10:18,-12,OFF,ON,ON
21-04-2024 10:47,-14.4,OFF,ON,ON
21-04-2024 10:52,-14.7,ON,OFF,OFF
21-04-2024 11:12,9.3,OFF,OFF,OFF
21-04-2024 11:41,-11.9,OFF,ON,ON
21-04-2024 12:10,-14.5,OFF,ON,ON
21-04-2024 12:39,-15.7,OFF,ON,ON
21-04-2024 13:08,-16.7,OFF,ON,ON
21-04-2024 13:37,-17.2,OFF,ON,ON
21-04-2024 13:52,-17.2,ON,OFF,OFF
21-04-2024 14:12,9.2,OFF,OFF,OFF
21-04-2024 14:41,-14.9,OFF,ON,ON
21-04-2024 15:10,-16.9,OFF,ON,ON
21-04-2024 15:39,-18,OFF,ON,ON
21-04-2024 16:08,-17.8,OFF,ON,ON
21-04-2024 16:37,-17.4,OFF,ON,ON
21-04-2024 16:52,-18,ON,OFF,OFF
21-04-2024 17:21,2.9,OFF,ON,OFF
21-04-2024 17:22,-1.2,OFF,ON,ON
21-04-2024 17:51,-15.8,OFF,ON,ON
21-04-2024 18:20,-17.9,OFF,ON,ON
21-04-2024 18:49,-18.9,OFF,ON,ON
21-04-2024 19:18,-19,OFF,ON,ON
21-04-2024 19:47,-19.8,OFF,ON,ON
21-04-2024 19:51,-19.8,ON,OFF,OFF
21-04-2024 20:11,10.1,OFF,OFF,OFF
21-04-2024 20:40,-13.7,OFF,ON,ON
21-04-2024 21:09,-17,OFF,ON,ON
21-04-2024 21:38,-18.1,OFF,ON,ON
21-04-2024 22:07,-16.6,OFF,ON,ON
21-04-2024 22:36,-17.9,OFF,ON,ON
21-04-2024 22:51,-18.4,ON,OFF,OFF
21-04-2024 23:11,10.4,OFF,OFF,OFF
21-04-2024 23:40,-14.6,OFF,ON,ON
22-04-2024 00:09,-16.9,OFF,ON,ON
22-04-2024 00:38,-18,OFF,ON,ON
22-04-2024 01:07,-18.5,OFF,ON,ON
22-04-2024 01:36,-19,OFF,ON,ON
22-04-2024 02:05,-0.4,ON,OFF,OFF
22-04-2024 02:34,-9.2,OFF,ON,ON
22-04-2024 03:03,-13,OFF,ON,ON
22-04-2024 03:32,-14.8,OFF,ON,ON
22-04-2024 04:01,-12.4,OFF,ON,ON
22-04-2024 04:30,-13.1,OFF,ON,ON
22-04-2024 04:59,-2.8,ON,OFF,OFF
22-04-2024 05:11,14.2,OFF,OFF,OFF
22-04-2024 05:21,2.3,OFF,ON,ON
22-04-2024 05:50,-8.1,OFF,ON,ON
22-04-2024 06:19,-9.5,OFF,ON,ON
22-04-2024 06:48,-11,OFF,ON,ON
22-04-2024 07:17,-12.3,OFF,ON,ON
22-04-2024 07:46,-13.4,OFF,ON,ON
22-04-2024 07:51,-13.6,ON,OFF,OFF
22-04-2024 08:11,11.6,OFF,OFF,OFF
22-04-2024 08:40,-11,OFF,ON,ON
22-04-2024 09:09,-13.2,OFF,ON,ON
22-04-2024 09:38,-14.6,OFF,ON,ON
22-04-2024 10:07,-12.9,OFF,ON,ON
22-04-2024 10:36,-15.2,OFF,ON,ON
22-04-2024 11:05,1,ON,OFF,OFF
22-04-2024 11:10,10.7,OFF,OFF,OFF
22-04-2024 11:39,-12.9,OFF,ON,ON
22-04-2024 12:08,-15.2,OFF,ON,ON
22-04-2024 12:37,-16.1,OFF,ON,ON
22-04-2024 13:06,-15.5,OFF,ON,ON
22-04-2024 13:35,-16.4,OFF,ON,ON
22-04-2024 14:04,-0.6,ON,OFF,OFF
22-04-2024 14:20,-0.1,OFF,ON,ON
22-04-2024 14:49,-14,OFF,ON,ON
22-04-2024 15:18,-15.7,OFF,ON,ON
22-04-2024 15:47,-12.9,OFF,ON,ON
22-04-2024 16:16,-14.3,OFF,ON,ON
22-04-2024 16:45,-15.3,OFF,ON,ON
22-04-2024 17:49,-13.6,OFF,ON,ON
22-04-2024 19:14,-0.2,OFF,OFF,OFF
22-04-2024 19:43,-11.6,OFF,ON,ON
22-04-2024 20:12,-12.8,OFF,ON,ON
22-04-2024 20:41,-14.6,OFF,ON,ON
22-04-2024 21:10,-15.6,OFF,ON,ON
22-04-2024 21:39,-16.4,OFF,ON,ON
22-04-2024 22:08,-15.5,OFF,ON,ON
22-04-2024 22:14,-15.9,ON,OFF,OFF
22-04-2024 22:43,2.9,OFF,ON,OFF
22-04-2024 23:12,-14.3,OFF,ON,ON
22-04-2024 23:41,-15.9,OFF,ON,ON
23-04-2024 00:10,-16.7,OFF,ON,ON
23-04-2024 00:39,-17.2,OFF,ON,ON
23-04-2024 01:08,-17.7,OFF,ON,ON
23-04-2024 01:34,11.8,OFF,OFF,OFF
23-04-2024 02:03,-14.7,OFF,ON,ON
23-04-2024 02:32,-16.7,OFF,ON,ON
23-04-2024 03:01,-17.6,OFF,ON,ON
23-04-2024 03:30,-18.2,OFF,ON,ON
23-04-2024 03:59,-18.6,OFF,ON,ON
23-04-2024 04:28,1.1,ON,OFF,OFF
23-04-2024 04:57,-14.7,OFF,ON,ON
23-04-2024 05:26,-17.3,OFF,ON,ON
23-04-2024 05:55,-18.4,OFF,ON,ON
23-04-2024 06:24,-19,OFF,ON,ON
23-04-2024 06:53,-9.7,OFF,ON,ON
23-04-2024 07:22,-2.7,ON,OFF,OFF
23-04-2024 07:34,14.8,OFF,OFF,OFF
23-04-2024 08:03,-8.1,OFF,ON,ON
23-04-2024 08:32,-9.8,OFF,ON,ON
23-04-2024 09:01,-12.6,OFF,ON,ON
23-04-2024 09:30,-14.2,OFF,ON,ON
23-04-2024 09:59,-15.3,OFF,ON,ON
23-04-2024 10:28,-0.3,ON,OFF,OFF
23-04-2024 10:57,-8.9,OFF,ON,ON
23-04-2024 11:26,-9.5,OFF,ON,ON
23-04-2024 11:55,-9.6,OFF,ON,ON
23-04-2024 12:24,-13.2,OFF,ON,ON
23-04-2024 12:53,-12.5,OFF,ON,ON
23-04-2024 13:02,-13.1,OFF,ON,ON
23-04-2024 13:13,-13.5,ON,OFF,OFF
23-04-2024 19:32,11.2,OFF,OFF,OFF
23-04-2024 19:33,11.2,OFF,ON,ON
23-04-2024 19:37,9.9,OFF,OFF,OFF
23-04-2024 19:39,5.7,OFF,OFF,OFF
23-04-2024 20:08,-3.7,OFF,ON,ON
23-04-2024 20:37,-7.4,OFF,ON,ON
23-04-2024 21:06,-9.9,OFF,ON,ON
23-04-2024 21:37,-12.2,OFF,ON,ON
23-04-2024 22:06,-13.8,OFF,ON,ON
23-04-2024 22:35,-15.2,OFF,ON,ON
23-04-2024 22:39,-15.4,ON,OFF,OFF
23-04-2024 22:59,5.7,OFF,OFF,OFF
23-04-2024 23:09,-0.1,OFF,ON,ON
23-04-2024 23:38,-13.5,OFF,ON,ON
24-04-2024 00:07,-15.8,OFF,ON,ON
24-04-2024 00:36,-16.8,OFF,ON,ON
24-04-2024 01:05,-17.6,OFF,ON,ON
24-04-2024 01:34,-18.2,OFF,ON,ON
24-04-2024 01:59,11.6,OFF,OFF,OFF
24-04-2024 02:28,-14.1,OFF,ON,ON
24-04-2024 02:57,-17,OFF,ON,ON
24-04-2024 03:26,-18.4,OFF,ON,ON
24-04-2024 03:55,-19.2,OFF,ON,ON
24-04-2024 04:24,-19.9,OFF,ON,ON
24-04-2024 04:39,-19.6,ON,OFF,OFF
24-04-2024 05:28,-8.7,OFF,ON,ON
24-04-2024 05:57,-12.3,OFF,ON,ON
24-04-2024 06:26,-8.3,OFF,ON,ON
24-04-2024 06:55,-6.9,OFF,ON,ON
24-04-2024 07:24,-9.1,OFF,ON,ON
24-04-2024 07:53,0.6,ON,OFF,OFF
24-04-2024 08:09,1.9,OFF,ON,ON
24-04-2024 08:38,-9.4,OFF,ON,ON
24-04-2024 09:07,-12.5,OFF,ON,ON
24-04-2024 09:36,-14.2,OFF,ON,ON
24-04-2024 10:19,-6,OFF,OFF,OFF
24-04-2024 11:17,-15,OFF,ON,ON
24-04-2024 11:46,-15.9,OFF,ON,ON
24-04-2024 12:15,-16.5,OFF,ON,ON
24-04-2024 12:44,-17,OFF,ON,ON
24-04-2024 13:13,-17.5,OFF,ON,ON
24-04-2024 13:19,-17.6,ON,OFF,OFF
24-04-2024 13:48,1.1,OFF,ON,OFF
24-04-2024 14:17,-15.5,OFF,ON,ON
24-04-2024 14:46,-16.8,OFF,ON,ON
24-04-2024 15:15,-17.1,OFF,ON,ON
24-04-2024 15:44,-18,OFF,ON,ON
24-04-2024 16:13,-18.4,OFF,ON,ON
24-04-2024 16:39,10.7,OFF,OFF,OFF
24-04-2024 17:08,-15,OFF,ON,ON
24-04-2024 17:37,-17.2,OFF,ON,ON
24-04-2024 18:06,-17.7,OFF,ON,ON
24-04-2024 18:35,-17.6,OFF,ON,ON
24-04-2024 19:04,-18.6,OFF,ON,ON
24-04-2024 19:18,-19.1,ON,OFF,OFF
24-04-2024 19:47,4.9,OFF,ON,OFF
24-04-2024 20:16,-14.2,OFF,ON,ON
24-04-2024 20:45,-15.2,OFF,ON,ON
24-04-2024 21:14,-17.1,OFF,ON,ON
24-04-2024 21:43,-17.9,OFF,ON,ON
24-04-2024 22:12,-18.6,OFF,ON,ON
24-04-2024 22:18,-18.7,ON,OFF,OFF
24-04-2024 22:47,5.2,OFF,ON,OFF
24-04-2024 23:16,-15.9,OFF,ON,ON
24-04-2024 23:45,-17.6,OFF,ON,ON
25-04-2024 00:14,-18.6,OFF,ON,ON
25-04-2024 00:43,-19.1,OFF,ON,ON
25-04-2024 01:12,-19,OFF,ON,ON
25-04-2024 01:18,-19.3,ON,OFF,OFF
25-04-2024 01:47,4.9,OFF,ON,OFF
25-04-2024 01:48,-0.4,OFF,ON,ON
25-04-2024 02:17,-16.4,OFF,ON,ON
25-04-2024 02:46,-18,OFF,ON,ON
25-04-2024 03:15,-19,OFF,ON,ON
25-04-2024 03:44,-19.3,OFF,ON,ON
25-04-2024 04:13,-19.9,OFF,ON,ON
25-04-2024 04:38,12.4,OFF,OFF,OFF
25-04-2024 04:48,1,OFF,ON,ON
25-04-2024 05:17,-16.6,OFF,ON,ON
25-04-2024 05:46,-18.2,OFF,ON,ON
25-04-2024 06:15,-19.2,OFF,ON,ON
25-04-2024 06:44,-11.3,OFF,ON,ON
25-04-2024 07:13,-8.4,OFF,ON,ON
25-04-2024 07:18,-8.1,ON,OFF,OFF
25-04-2024 07:38,15,OFF,OFF,OFF
25-04-2024 08:07,-5,OFF,ON,ON
25-04-2024 08:36,-7.2,OFF,ON,ON
25-04-2024 09:05,-10.6,OFF,ON,ON
25-04-2024 09:34,-12.8,OFF,ON,ON
25-04-2024 10:03,-13.9,OFF,ON,ON
25-04-2024 10:18,-14.9,ON,OFF,OFF
25-04-2024 10:38,9.7,OFF,OFF,OFF
25-04-2024 10:48,0.3,OFF,ON,ON
25-04-2024 11:17,-12.6,OFF,ON,ON
25-04-2024 11:46,-11.6,OFF,ON,ON
25-04-2024 12:11,-14.9,OFF,ON,ON
25-04-2024 12:40,-16.5,OFF,ON,ON
25-04-2024 13:09,-17.5,OFF,ON,ON
25-04-2024 13:17,-17.8,ON,OFF,OFF
25-04-2024 13:37,10.4,OFF,OFF,OFF
25-04-2024 14:06,-13.5,OFF,ON,ON
25-04-2024 14:35,-16.3,OFF,ON,ON
25-04-2024 15:04,-17.5,OFF,ON,ON
25-04-2024 15:33,-18.5,OFF,ON,ON
25-04-2024 16:02,-19,OFF,ON,ON
25-04-2024 16:31,-1,ON,OFF,OFF
25-04-2024 16:37,10.1,OFF,OFF,OFF
25-04-2024 17:06,-16.2,OFF,ON,ON
25-04-2024 17:35,-18.3,OFF,ON,ON
26-04-2024 09:29,6.3,OFF,OFF,OFF
26-04-2024 09:58,-3.4,OFF,ON,ON
26-04-2024 10:27,-6.3,OFF,ON,ON
26-04-2024 10:37,-7,OFF,ON,ON
26-04-2024 11:06,-8.7,OFF,ON,ON
26-04-2024 11:35,-10,OFF,ON,ON
26-04-2024 12:04,-11.4,OFF,ON,ON
26-04-2024 12:33,-9.4,ON,OFF,OFF
26-04-2024 13:02,-6,OFF,ON,ON
26-04-2024 13:31,-11.9,OFF,ON,ON
26-04-2024 14:00,-13.9,OFF,ON,ON
26-04-2024 14:29,-15.1,OFF,ON,ON
26-04-2024 14:58,-15.6,OFF,ON,ON
26-04-2024 15:21,-16.1,OFF,ON,ON
26-04-2024 15:29,-16.3,ON,OFF,OFF
26-04-2024 15:58,4.3,OFF,ON,OFF
26-04-2024 16:27,-14,OFF,ON,ON
26-04-2024 16:56,-15.5,OFF,ON,ON
26-04-2024 17:25,-16.6,OFF,ON,ON
26-04-2024 17:54,-17,OFF,ON,ON
26-04-2024 18:23,-17,OFF,ON,ON
26-04-2024 18:29,-17.3,ON,OFF,OFF
26-04-2024 18:49,12.8,OFF,OFF,OFF
26-04-2024 18:59,2.1,OFF,ON,ON
26-04-2024 19:28,-15.1,OFF,ON,ON
26-04-2024 19:57,-17,OFF,ON,ON
26-04-2024 20:26,-17.8,OFF,ON,ON
26-04-2024 20:55,-16.7,OFF,ON,ON
26-04-2024 21:24,-17.7,OFF,ON,ON
26-04-2024 21:28,-17.9,ON,OFF,OFF
26-04-2024 21:48,10.7,OFF,OFF,OFF
26-04-2024 22:17,-14.3,OFF,ON,ON
26-04-2024 22:46,-16.9,OFF,ON,ON
26-04-2024 23:15,-18.2,OFF,ON,ON
26-04-2024 23:44,-19,OFF,ON,ON
27-04-2024 00:13,-19.5,OFF,ON,ON
27-04-2024 00:28,-19.5,ON,OFF,OFF
27-04-2024 00:57,5.3,OFF,ON,OFF
27-04-2024 00:58,0.9,OFF,ON,ON
27-04-2024 01:27,-16.5,OFF,ON,ON
27-04-2024 01:56,-18.2,OFF,ON,ON
27-04-2024 02:25,-19.2,OFF,ON,ON
27-04-2024 02:54,-19.7,OFF,ON,ON
27-04-2024 03:23,-19.9,OFF,ON,ON
27-04-2024 03:48,12.8,OFF,OFF,OFF
27-04-2024 04:03,-12.3,OFF,ON,ON
27-04-2024 04:32,-10.8,OFF,ON,ON
27-04-2024 05:01,-13.1,OFF,ON,ON
27-04-2024 05:30,-9.9,OFF,ON,ON
27-04-2024 05:59,-11.2,OFF,ON,ON
27-04-2024 06:28,-12.8,OFF,ON,ON
27-04-2024 06:48,13.6,OFF,OFF,OFF
27-04-2024 07:17,-6.1,OFF,ON,ON
27-04-2024 07:46,-8.4,OFF,ON,ON
27-04-2024 08:15,-10,OFF,ON,ON
27-04-2024 08:44,-11.3,OFF,ON,ON
27-04-2024 09:13,-12.8,OFF,ON,ON
27-04-2024 09:28,-13.5,ON,OFF,OFF
27-04-2024 09:48,10.4,OFF,OFF,OFF
27-04-2024 10:17,-9,OFF,ON,ON
27-04-2024 10:46,-12.1,OFF,ON,ON
27-04-2024 11:15,-14,OFF,ON,ON
27-04-2024 11:44,-15.1,OFF,ON,ON
27-04-2024 12:13,-15.9,OFF,ON,ON
27-04-2024 12:28,-16.4,ON,OFF,OFF
27-04-2024 12:48,10.5,OFF,OFF,OFF
27-04-2024 13:17,-13.7,OFF,ON,ON
27-04-2024 13:46,-15.8,OFF,ON,ON
27-04-2024 14:15,-16.8,OFF,ON,ON
27-04-2024 14:44,-17.5,OFF,ON,ON
27-04-2024 15:13,-17.9,OFF,ON,ON
27-04-2024 15:42,0,ON,OFF,OFF
27-04-2024 15:48,10.4,OFF,OFF,OFF
27-04-2024 16:17,-15.4,OFF,ON,ON
27-04-2024 16:46,-17.2,OFF,ON,ON
27-04-2024 17:15,-18.8,OFF,ON,ON
27-04-2024 17:44,-18.8,OFF,ON,ON
27-04-2024 18:13,-19.7,OFF,ON,ON
27-04-2024 18:42,2.6,ON,OFF,OFF
27-04-2024 18:47,13,OFF,OFF,OFF
27-04-2024 19:16,-14.5,OFF,ON,ON
27-04-2024 19:45,-17.9,OFF,ON,ON
27-04-2024 20:14,-15.7,OFF,ON,ON
27-04-2024 20:43,-18.7,OFF,ON,ON
27-04-2024 21:12,-19.8,OFF,ON,ON
27-04-2024 21:41,-0.3,ON,OFF,OFF
27-04-2024 21:47,10.4,OFF,OFF,OFF
27-04-2024 22:16,-15.5,OFF,ON,ON
27-04-2024 22:45,-18.2,OFF,ON,ON
27-04-2024 23:14,-19.6,OFF,ON,ON
27-04-2024 23:43,-19.8,OFF,ON,ON
28-04-2024 00:06,-20,OFF,OFF,ON
28-04-2024 00:23,-20,OFF,OFF,ON
28-04-2024 00:47,10.7,OFF,OFF,OFF
28-04-2024 01:16,-15.8,OFF,ON,ON
28-04-2024 01:45,-18.5,OFF,ON,ON
28-04-2024 02:14,-19.7,OFF,ON,ON
28-04-2024 02:41,-20,OFF,OFF,ON
28-04-2024 03:10,-19.8,OFF,ON,ON
28-04-2024 03:13,-20,OFF,OFF,ON
28-04-2024 03:27,-19.9,ON,OFF,OFF
28-04-2024 03:47,11.1,OFF,OFF,OFF
28-04-2024 03:57,1.1,OFF,ON,ON
28-04-2024 04:26,-17.1,OFF,ON,ON
28-04-2024 04:55,-12.4,OFF,ON,ON
28-04-2024 05:24,-14.5,OFF,ON,ON
28-04-2024 05:53,-11.1,OFF,ON,ON
28-04-2024 06:22,-12.8,OFF,ON,ON
28-04-2024 06:27,-13.1,ON,OFF,OFF
28-04-2024 06:47,12.4,OFF,OFF,OFF
28-04-2024 07:16,-5.6,OFF,ON,ON
28-04-2024 07:45,-8,OFF,ON,ON
28-04-2024 08:14,-9.7,OFF,ON,ON
28-04-2024 08:43,-11.7,OFF,ON,ON
28-04-2024 09:12,-13.5,OFF,ON,ON
28-04-2024 09:27,-14.3,ON,OFF,OFF
28-04-2024 09:56,2.9,OFF,ON,OFF
28-04-2024 10:25,-13.2,OFF,ON,ON
28-04-2024 10:54,-15.2,OFF,ON,ON
28-04-2024 11:23,-16.1,OFF,ON,ON
28-04-2024 11:52,-16.9,OFF,ON,ON
28-04-2024 12:21,-17.4,OFF,ON,ON
28-04-2024 12:27,-17.5,ON,OFF,OFF
28-04-2024 12:47,10.3,OFF,OFF,OFF
28-04-2024 13:16,-14.6,OFF,ON,ON
28-04-2024 13:45,-16.5,OFF,ON,ON
28-04-2024 14:14,-17.2,OFF,ON,ON
28-04-2024 14:43,-14.9,OFF,ON,ON
28-04-2024 15:12,-16.7,OFF,ON,ON
28-04-2024 15:26,-17.2,ON,OFF,OFF
28-04-2024 15:46,10.2,OFF,OFF,OFF
28-04-2024 16:15,-14.6,OFF,ON,ON
28-04-2024 16:44,-16.6,OFF,ON,ON
28-04-2024 17:13,-17.4,OFF,ON,ON
28-04-2024 17:42,-18,OFF,ON,ON
28-04-2024 18:11,-18.8,OFF,ON,ON
28-04-2024 18:26,-19.3,ON,OFF,OFF
28-04-2024 18:55,5.6,OFF,ON,OFF
28-04-2024 19:24,-16.8,OFF,ON,ON
28-04-2024 19:53,-17.9,OFF,ON,ON
28-04-2024 20:22,-19.2,OFF,ON,ON
28-04-2024 20:51,-19.7,OFF,ON,ON
28-04-2024 21:20,-17.4,OFF,ON,ON
28-04-2024 21:26,-18,ON,OFF,OFF
28-04-2024 21:46,11.2,OFF,OFF,OFF
28-04-2024 22:15,-15.8,OFF,ON,ON
28-04-2024 22:44,-17.8,OFF,ON,ON
28-04-2024 23:13,-19.3,OFF,ON,ON
28-04-2024 23:42,-19.9,OFF,ON,ON
29-04-2024 00:11,-19,OFF,ON,ON
29-04-2024 00:26,-19.9,ON,OFF,OFF
29-04-2024 00:46,9.3,OFF,OFF,OFF
29-04-2024 01:15,-16.8,OFF,ON,ON
29-04-2024 01:48,-19.2,OFF,ON,ON
29-04-2024 02:17,-19.1,OFF,ON,ON
29-04-2024 02:46,-19.8,OFF,ON,ON
29-04-2024 03:15,-19.6,OFF,ON,ON
29-04-2024 03:21,-20,OFF,OFF,ON
29-04-2024 03:26,-18.5,ON,OFF,OFF
29-04-2024 03:55,3.8,OFF,ON,OFF
29-04-2024 04:24,-17.6,OFF,ON,ON
29-04-2024 04:53,-19.3,OFF,ON,ON
29-04-2024 05:22,-19.7,OFF,ON,ON
29-04-2024 05:28,-20,OFF,OFF,ON
29-04-2024 05:57,-15,OFF,ON,ON
29-04-2024 06:26,-16.3,ON,OFF,OFF
29-04-2024 06:46,12.7,OFF,OFF,OFF
29-04-2024 07:15,-9.5,OFF,ON,ON
29-04-2024 07:44,-10.8,OFF,ON,ON
29-04-2024 08:16,-12.8,OFF,ON,ON
29-04-2024 08:45,-13.8,OFF,ON,ON
29-04-2024 09:14,-15.2,OFF,ON,ON
29-04-2024 09:25,-15.6,ON,OFF,OFF
29-04-2024 09:45,8,OFF,OFF,OFF
29-04-2024 10:14,-13.3,OFF,ON,ON
29-04-2024 11:32,-17.1,OFF,ON,ON
29-04-2024 12:01,-14.6,OFF,ON,ON
29-04-2024 12:25,-16.4,ON,OFF,OFF
29-04-2024 12:45,10.9,OFF,OFF,OFF
29-04-2024 12:55,0.7,OFF,ON,ON
29-04-2024 13:24,-15,OFF,ON,ON
29-04-2024 13:53,-16.6,OFF,ON,ON
29-04-2024 14:22,-17.5,OFF,ON,ON
29-04-2024 14:51,-18.1,OFF,ON,ON
29-04-2024 15:20,-18.5,OFF,ON,ON
29-04-2024 15:50,12.3,OFF,ON,OFF
29-04-2024 16:19,-16.1,OFF,ON,ON
29-04-2024 16:48,-17.6,OFF,ON,ON
29-04-2024 17:17,-18.7,OFF,ON,ON
29-04-2024 17:46,-19.4,OFF,ON,ON
29-04-2024 18:15,-19.2,OFF,ON,ON
29-04-2024 18:44,8.7,ON,OFF,OFF
29-04-2024 19:13,-15.6,OFF,ON,ON
29-04-2024 19:42,-18.5,OFF,ON,ON
29-04-2024 20:11,-19.1,OFF,ON,ON
29-04-2024 20:40,-19.1,OFF,ON,ON
29-04-2024 21:09,-18.1,OFF,ON,ON
29-04-2024 21:38,-0.2,ON,OFF,OFF
29-04-2024 22:07,-14.9,OFF,ON,ON
29-04-2024 22:36,-18.2,OFF,ON,ON
29-04-2024 23:05,-19.7,OFF,ON,ON
29-04-2024 23:31,-20,OFF,OFF,ON
30-04-2024 00:00,-19.3,OFF,ON,ON
30-04-2024 00:25,-19.9,ON,OFF,OFF
30-04-2024 00:45,8.8,OFF,OFF,OFF
30-04-2024 01:14,-16.3,OFF,ON,ON
30-04-2024 01:43,-18.1,OFF,ON,ON
30-04-2024 02:12,-19.8,OFF,ON,ON
30-04-2024 02:41,-18,OFF,ON,ON
30-04-2024 03:10,-19.9,OFF,ON,ON
30-04-2024 03:24,-19.7,ON,OFF,OFF
30-04-2024 03:44,11.5,OFF,OFF,OFF
30-04-2024 04:13,-16,OFF,ON,ON
30-04-2024 04:42,-18.8,OFF,ON,ON
30-04-2024 05:03,-20,OFF,OFF,ON
30-04-2024 05:32,-19.3,OFF,ON,ON
30-04-2024 06:01,-14.4,OFF,ON,ON
30-04-2024 06:30,-11.2,ON,OFF,OFF
30-04-2024 06:59,-5.2,OFF,ON,ON
30-04-2024 07:28,-9.6,OFF,ON,ON
30-04-2024 07:57,-7.9,OFF,ON,ON
30-04-2024 08:26,-8.6,OFF,ON,ON
30-04-2024 08:55,-9.2,OFF,ON,ON
30-04-2024 09:24,-12,OFF,ON,ON
30-04-2024 09:44,9.1,OFF,OFF,OFF
30-04-2024 10:13,-10.6,OFF,ON,ON
30-04-2024 10:42,-13.6,OFF,ON,ON
30-04-2024 11:11,-15.1,OFF,ON,ON
30-04-2024 11:40,-15.9,OFF,ON,ON
30-04-2024 12:11,-16.2,OFF,ON,ON
30-04-2024 12:40,-17,OFF,ON,ON
30-04-2024 13:09,-17.1,OFF,ON,ON
30-04-2024 13:38,-17.6,OFF,ON,ON
30-04-2024 14:07,-17.8,OFF,ON,ON
30-04-2024 14:36,-18.4,OFF,ON,ON
30-04-2024 15:02,8.4,OFF,OFF,OFF
30-04-2024 15:31,-15.1,OFF,ON,ON
30-04-2024 16:00,-17,OFF,ON,ON
30-04-2024 16:29,-18.5,OFF,ON,ON
30-04-2024 16:58,-19.1,OFF,ON,ON
30-04-2024 17:27,-19.5,OFF,ON,ON
30-04-2024 17:56,-0.3,ON,OFF,OFF
30-04-2024 18:02,12.2,OFF,OFF,OFF
30-04-2024 18:31,-16.2,OFF,ON,ON
30-04-2024 19:00,-19.1,OFF,ON,ON
30-04-2024 19:29,-17.4,OFF,ON,ON
30-04-2024 19:58,-18.1,OFF,ON,ON
30-04-2024 20:27,-19.1,OFF,ON,ON
30-04-2024 20:42,-19.4,ON,OFF,OFF
30-04-2024 21:11,4.8,OFF,ON,OFF
30-04-2024 21:40,-16.2,OFF,ON,ON
30-04-2024 22:09,-18,OFF,ON,ON
30-04-2024 22:38,-18.9,OFF,ON,ON
30-04-2024 23:07,-19.4,OFF,ON,ON
30-04-2024 23:36,-19.9,OFF,ON,ON
30-04-2024 23:42,-19.9,ON,OFF,OFF
01-05-2024 00:02,10,OFF,OFF,OFF
01-05-2024 00:31,-15.3,OFF,ON,ON
01-05-2024 01:00,-17.8,OFF,ON,ON
01-05-2024 01:29,-19.2,OFF,ON,ON
01-05-2024 01:58,-19.9,OFF,ON,ON
01-05-2024 02:02,-20,OFF,OFF,ON
01-05-2024 02:31,-18.3,OFF,ON,ON
01-05-2024 02:42,-19.6,ON,OFF,OFF
01-05-2024 03:11,5.2,OFF,ON,OFF
01-05-2024 03:40,-16.3,OFF,ON,ON
01-05-2024 04:09,-10.8,OFF,ON,ON
01-05-2024 04:38,-13.4,OFF,ON,ON
01-05-2024 05:07,-10.2,OFF,ON,ON
01-05-2024 05:36,-12,OFF,ON,ON
01-05-2024 05:42,-12.4,ON,OFF,OFF
01-05-2024 06:02,13.2,OFF,OFF,OFF
01-05-2024 06:31,-6.5,OFF,ON,ON
01-05-2024 07:00,-8.5,OFF,ON,ON
01-05-2024 07:29,-8.8,OFF,ON,ON
01-05-2024 07:58,-10.6,OFF,ON,ON
01-05-2024 08:27,-11.9,OFF,ON,ON
01-05-2024 08:56,1.4,ON,OFF,OFF
01-05-2024 09:02,13,OFF,OFF,OFF
01-05-2024 09:31,-10.9,OFF,ON,ON
01-05-2024 10:00,-13.5,OFF,ON,ON
01-05-2024 10:29,-14.8,OFF,ON,ON
01-05-2024 10:58,-15.2,OFF,ON,ON
01-05-2024 11:27,-15.9,OFF,ON,ON
01-05-2024 11:56,3.2,ON,OFF,OFF
01-05-2024 12:25,-11.7,OFF,ON,ON
01-05-2024 12:54,-14.6,OFF,ON,ON
01-05-2024 13:23,-15.7,OFF,ON,ON
01-05-2024 13:52,-16.2,OFF,ON,ON
01-05-2024 14:21,-16.9,OFF,ON,ON
01-05-2024 14:41,-17.3,ON,OFF,OFF
01-05-2024 15:01,10.4,OFF,OFF,OFF
01-05-2024 15:30,-14.4,OFF,ON,ON
01-05-2024 15:59,-16.4,OFF,ON,ON
01-05-2024 16:28,-17.3,OFF,ON,ON
01-05-2024 16:57,-17.5,OFF,ON,ON
01-05-2024 17:26,-18.1,OFF,ON,ON
01-05-2024 17:41,-18.4,ON,OFF,OFF
01-05-2024 17:57,5.5,ON,OFF,OFF
01-05-2024 18:26,-14.6,OFF,ON,ON
01-05-2024 18:55,-17.1,OFF,ON,ON
01-05-2024 19:24,-18.5,OFF,ON,ON
01-05-2024 20:15,-5.4,OFF,OFF,OFF
01-05-2024 20:44,-12.9,OFF,ON,ON
01-05-2024 21:13,-16.1,OFF,ON,ON
01-05-2024 21:42,-17.2,OFF,ON,ON
01-05-2024 22:11,-17.8,OFF,ON,ON
01-05-2024 22:40,-18.4,OFF,ON,ON
01-05-2024 23:09,-18.8,OFF,ON,ON
01-05-2024 23:38,10.6,OFF,OFF,OFF
02-05-2024 00:07,-15.8,OFF,ON,ON
02-05-2024 00:36,-17.5,OFF,ON,ON
02-05-2024 01:05,-17.8,OFF,ON,ON
02-05-2024 01:34,-18.6,OFF,ON,ON
02-05-2024 02:03,-18.9,OFF,ON,ON
02-05-2024 02:15,-19.1,ON,OFF,OFF
02-05-2024 02:35,11.6,OFF,OFF,OFF
02-05-2024 03:04,-15.5,OFF,ON,ON
02-05-2024 03:33,-17.5,OFF,ON,ON
02-05-2024 04:02,-18.6,OFF,ON,ON
02-05-2024 04:31,-13.9,OFF,ON,ON
02-05-2024 05:00,-14.6,OFF,ON,ON
02-05-2024 05:15,-15.2,ON,OFF,OFF
02-05-2024 05:44,6.1,OFF,ON,OFF
02-05-2024 05:45,4.1,OFF,ON,ON
02-05-2024 06:14,-10,OFF,ON,ON
02-05-2024 06:43,-8.7,OFF,ON,ON
02-05-2024 07:12,-8.9,OFF,ON,ON
02-05-2024 07:41,-10.1,OFF,ON,ON
02-05-2024 08:10,-11.3,OFF,ON,ON
02-05-2024 08:15,-11.4,ON,OFF,OFF
02-05-2024 08:35,10.4,OFF,OFF,OFF
02-05-2024 09:04,-10.7,OFF,ON,ON
02-05-2024 09:33,-13.2,OFF,ON,ON
02-05-2024 10:02,-7.8,OFF,ON,ON
02-05-2024 10:31,-11.3,OFF,ON,ON
02-05-2024 11:00,-13.3,OFF,ON,ON
02-05-2024 11:34,10.2,OFF,OFF,OFF
02-05-2024 11:44,1.4,OFF,ON,ON
02-05-2024 12:13,-12.6,OFF,ON,ON
02-05-2024 12:42,-14.3,OFF,ON,ON
02-05-2024 13:11,-15.2,OFF,ON,ON
02-05-2024 13:40,-15.5,OFF,ON,ON
02-05-2024 14:09,-16.2,OFF,ON,ON
02-05-2024 14:14,-16.3,ON,OFF,OFF
02-05-2024 14:43,5.5,OFF,ON,OFF
02-05-2024 14:44,0,OFF,ON,ON
02-05-2024 15:13,-14.3,OFF,ON,ON
02-05-2024 15:42,-15.7,OFF,ON,ON
02-05-2024 16:11,-15.9,OFF,ON,ON
02-05-2024 16:40,-16.8,OFF,ON,ON
02-05-2024 17:09,-16.3,OFF,ON,ON
02-05-2024 17:14,-16.7,ON,OFF,OFF
02-05-2024 17:43,6,OFF,ON,OFF
02-05-2024 18:12,-14.6,OFF,ON,ON
02-05-2024 18:41,-16.2,OFF,ON,ON
02-05-2024 19:10,-17.3,OFF,ON,ON
02-05-2024 19:39,-16.3,OFF,ON,ON
02-05-2024 20:08,-10.3,OFF,ON,ON
02-05-2024 20:14,-11.5,ON,OFF,OFF
02-05-2024 20:34,13.7,OFF,OFF,OFF
02-05-2024 21:03,-10.5,OFF,ON,ON
02-05-2024 21:32,-13.4,OFF,ON,ON
02-05-2024 22:01,-14.9,OFF,ON,ON
02-05-2024 22:30,-15.8,OFF,ON,ON
02-05-2024 22:59,-16.4,OFF,ON,ON
02-05-2024 23:14,-16.7,ON,OFF,OFF
02-05-2024 23:34,11.5,OFF,OFF,OFF
03-05-2024 00:03,-14,OFF,ON,ON
03-05-2024 00:32,-15.7,OFF,ON,ON
03-05-2024 01:01,-16.5,OFF,ON,ON
03-05-2024 01:30,-17.1,OFF,ON,ON
03-05-2024 01:59,-17.5,OFF,ON,ON
03-05-2024 02:14,-17.7,ON,OFF,OFF
03-05-2024 02:34,12.6,OFF,OFF,OFF
03-05-2024 02:44,1.5,OFF,ON,ON
03-05-2024 03:13,-15.6,OFF,ON,ON
03-05-2024 03:42,-16.8,OFF,ON,ON
03-05-2024 04:11,-17.5,OFF,ON,ON
03-05-2024 04:40,-18,OFF,ON,ON
03-05-2024 05:09,-18.4,OFF,ON,ON
03-05-2024 05:14,-18.4,ON,OFF,OFF
03-05-2024 05:43,4.9,OFF,ON,OFF
03-05-2024 06:12,-9.7,OFF,ON,ON
03-05-2024 06:41,-11.6,OFF,ON,ON
03-05-2024 07:10,-10.1,OFF,ON,ON
03-05-2024 07:39,-10.6,OFF,ON,ON
03-05-2024 08:08,-11.7,OFF,ON,ON
03-05-2024 08:13,-11.9,ON,OFF,OFF
03-05-2024 08:42,6.5,OFF,ON,OFF
03-05-2024 09:11,-11.1,OFF,ON,ON
03-05-2024 09:40,-13.4,OFF,ON,ON
03-05-2024 10:09,-14.9,OFF,ON,ON
03-05-2024 10:38,-15.7,OFF,ON,ON
03-05-2024 11:07,-16.4,OFF,ON,ON
03-05-2024 11:36,13.1,OFF,OFF,OFF
03-05-2024 12:05,-12.4,OFF,ON,ON
03-05-2024 12:34,-13.6,OFF,ON,ON
03-05-2024 13:03,-15.4,OFF,ON,ON
03-05-2024 13:32,-15.9,OFF,ON,ON
03-05-2024 14:01,-16.4,OFF,ON,ON
03-05-2024 14:18,-12.5,ON,OFF,OFF
03-05-2024 14:33,10.8,OFF,OFF,OFF
03-05-2024 15:02,-13.7,OFF,ON,ON
03-05-2024 15:31,-15.8,OFF,ON,ON
03-05-2024 16:00,-16.7,OFF,ON,ON
03-05-2024 16:29,-17.5,OFF,ON,ON
03-05-2024 16:58,-18,OFF,ON,ON
03-05-2024 17:27,2.9,ON,OFF,OFF
03-05-2024 18:13,2.2,OFF,OFF,OFF
04-05-2024 04:58,2.3,OFF,OFF,OFF
04-05-2024 05:27,-1.2,OFF,ON,ON
04-05-2024 05:56,-1.2,OFF,ON,ON
04-05-2024 06:25,-3.1,OFF,ON,ON
04-05-2024 06:54,-2.1,OFF,ON,ON
04-05-2024 07:23,-3.9,OFF,ON,ON
04-05-2024 08:21,9.8,OFF,OFF,OFF
04-05-2024 08:50,-5.7,OFF,ON,ON
04-05-2024 09:19,-8.3,OFF,ON,ON
04-05-2024 09:48,-7.7,OFF,ON,ON
04-05-2024 10:17,-8.8,OFF,ON,ON
04-05-2024 10:46,-8.2,OFF,ON,ON
04-05-2024 10:58,-9.3,ON,OFF,OFF
04-05-2024 11:18,12,OFF,OFF,OFF
04-05-2024 11:47,-7.8,OFF,ON,ON
04-05-2024 12:16,-9.9,OFF,ON,ON
04-05-2024 12:45,-11,OFF,ON,ON
04-05-2024 13:14,-12.1,OFF,ON,ON
04-05-2024 13:43,-12.8,OFF,ON,ON
04-05-2024 13:58,-13.1,ON,OFF,OFF
04-05-2024 14:18,12.2,OFF,OFF,OFF
04-05-2024 14:47,-7.4,OFF,ON,ON
04-05-2024 15:16,-9.6,OFF,ON,ON
04-05-2024 15:45,-11.2,OFF,ON,ON
04-05-2024 16:14,-12,OFF,ON,ON
04-05-2024 16:43,-12.9,OFF,ON,ON
04-05-2024 17:12,2.3,ON,OFF,OFF
04-05-2024 17:18,13.3,OFF,OFF,OFF
04-05-2024 17:47,-10.3,OFF,ON,ON
04-05-2024 18:16,-12.4,OFF,ON,ON
04-05-2024 18:45,-14,OFF,ON,ON
04-05-2024 19:14,-15,OFF,ON,ON
04-05-2024 19:43,-15.3,OFF,ON,ON
04-05-2024 19:58,-15.1,ON,OFF,OFF
04-05-2024 20:27,5.9,OFF,ON,OFF
04-05-2024 20:28,3.2,OFF,ON,ON
04-05-2024 20:57,-12.5,OFF,ON,ON
04-05-2024 21:26,-14.1,OFF,ON,ON
04-05-2024 21:55,-15.1,OFF,ON,ON
04-05-2024 22:24,-15.7,OFF,ON,ON
04-05-2024 22:53,-16.5,OFF,ON,ON
04-05-2024 23:18,12.6,OFF,OFF,OFF
04-05-2024 23:47,-12.4,OFF,ON,ON
05-05-2024 00:16,-14.9,OFF,ON,ON
05-05-2024 00:45,-15.8,OFF,ON,ON
05-05-2024 01:14,-16.2,OFF,ON,ON
05-05-2024 01:43,-16.5,OFF,ON,ON
05-05-2024 01:58,-16.7,ON,OFF,OFF
05-05-2024 02:27,5.8,OFF,ON,OFF
05-05-2024 02:56,-14.5,OFF,ON,ON
05-05-2024 03:25,-16.3,OFF,ON,ON
05-05-2024 03:54,-17.1,OFF,ON,ON
05-05-2024 04:23,-17.6,OFF,ON,ON
05-05-2024 04:52,-17.8,OFF,ON,ON
05-05-2024 04:57,-17.9,ON,OFF,OFF
05-05-2024 05:26,6.8,OFF,ON,OFF
05-05-2024 05:55,-9.9,OFF,ON,ON
05-05-2024 06:24,-10.6,OFF,ON,ON
05-05-2024 06:53,-11.9,OFF,ON,ON
05-05-2024 07:22,-11.1,OFF,ON,ON
05-05-2024 07:51,-10,OFF,ON,ON
05-05-2024 08:17,14.5,OFF,OFF,OFF
05-05-2024 08:46,-7.1,OFF,ON,ON
05-05-2024 09:15,-9.7,OFF,ON,ON
05-05-2024 09:44,-11.2,OFF,ON,ON
05-05-2024 10:13,-12.3,OFF,ON,ON
05-05-2024 10:42,-13.2,OFF,ON,ON
05-05-2024 10:57,-13.7,ON,OFF,OFF
05-05-2024 11:17,12.4,OFF,OFF,OFF
05-05-2024 11:32,-7.2,OFF,ON,ON
05-05-2024 12:01,-12.5,OFF,ON,ON
05-05-2024 12:30,-11.5,OFF,ON,ON
05-05-2024 12:59,-5.9,OFF,ON,ON
05-05-2024 13:28,-10.5,OFF,ON,ON
05-05-2024 13:57,-10.7,OFF,ON,ON
05-05-2024 14:17,12.7,OFF,OFF,OFF
05-05-2024 14:46,-10.6,OFF,ON,ON
05-05-2024 15:15,-12.8,OFF,ON,ON
05-05-2024 15:44,-14.1,OFF,ON,ON
05-05-2024 16:13,-13.2,OFF,ON,ON
05-05-2024 16:42,-14.2,OFF,ON,ON
05-05-2024 16:57,-13.8,ON,OFF,OFF
05-05-2024 17:17,13.1,OFF,OFF,OFF
05-05-2024 17:46,-11.2,OFF,ON,ON
05-05-2024 18:15,-10.2,OFF,ON,ON
05-05-2024 18:44,-12.4,OFF,ON,ON
05-05-2024 19:13,-13.4,OFF,ON,ON
05-05-2024 19:42,-11.7,OFF,ON,ON
05-05-2024 20:11,2,ON,OFF,OFF
05-05-2024 20:17,13.3,OFF,OFF,OFF
05-05-2024 20:27,3.7,OFF,ON,ON
05-05-2024 20:56,-11.5,OFF,ON,ON
05-05-2024 21:25,-13.8,OFF,ON,ON
05-05-2024 21:54,-14.7,OFF,ON,ON
05-05-2024 22:23,-15.3,OFF,ON,ON
05-05-2024 22:52,-15.7,OFF,ON,ON
05-05-2024 22:57,-15.7,ON,OFF,OFF
05-05-2024 23:26,5.2,OFF,ON,OFF
05-05-2024 23:55,-13.2,OFF,ON,ON
06-05-2024 00:24,-14.8,OFF,ON,ON
06-05-2024 00:53,-15.5,OFF,ON,ON
06-05-2024 01:22,-16,OFF,ON,ON
06-05-2024 01:51,-16.2,OFF,ON,ON
06-05-2024 02:20,14.9,OFF,OFF,OFF
06-05-2024 02:49,-13.2,OFF,ON,ON
06-05-2024 03:18,-15.2,OFF,ON,ON
06-05-2024 03:47,-15.9,OFF,ON,ON
06-05-2024 04:16,-16.3,OFF,ON,ON
06-05-2024 04:45,-16.6,OFF,ON,ON
06-05-2024 04:56,-16.7,ON,OFF,OFF
06-05-2024 05:25,7.4,OFF,ON,OFF
06-05-2024 05:54,-14,OFF,ON,ON
06-05-2024 06:23,-15.6,OFF,ON,ON
06-05-2024 06:52,-16.3,OFF,ON,ON
06-05-2024 07:21,-16.8,OFF,ON,ON
06-05-2024 07:50,-17.2,OFF,ON,ON
06-05-2024 07:56,-17.3,ON,OFF,OFF
06-05-2024 08:16,12.6,OFF,OFF,OFF
06-05-2024 08:45,-12,OFF,ON,ON
06-05-2024 09:14,-16,OFF,ON,ON
06-05-2024 09:43,-17.3,OFF,ON,ON
06-05-2024 12:23,-16.3,OFF,ON,ON
06-05-2024 12:52,-16,OFF,ON,ON
06-05-2024 13:21,-16.8,OFF,ON,ON
06-05-2024 13:50,-17.3,OFF,ON,ON
06-05-2024 13:56,-17.4,ON,OFF,OFF
06-05-2024 14:16,13.2,OFF,OFF,OFF
06-05-2024 14:45,-10.6,OFF,ON,ON
06-05-2024 16:14,-12.8,OFF,ON,ON
06-05-2024 16:43,-13.8,OFF,ON,ON
06-05-2024 16:56,-14.2,ON,OFF,OFF
06-05-2024 17:16,13.1,OFF,OFF,OFF
06-05-2024 17:45,-9.9,OFF,ON,ON
06-05-2024 18:14,-13.4,OFF,ON,ON
06-05-2024 18:43,-14.8,OFF,ON,ON
06-05-2024 19:12,-15.7,OFF,ON,ON
06-05-2024 19:41,-15.5,OFF,ON,ON
06-05-2024 20:10,0.5,ON,OFF,OFF
06-05-2024 20:39,-10.1,OFF,ON,ON
06-05-2024 21:08,-13.4,OFF,ON,ON
06-05-2024 21:37,-14.6,OFF,ON,ON
06-05-2024 22:06,-15.4,OFF,ON,ON
06-05-2024 22:35,-15.9,OFF,ON,ON
06-05-2024 22:55,-16.2,ON,OFF,OFF
06-05-2024 23:24,7.1,OFF,ON,OFF
06-05-2024 23:53,-14,OFF,ON,ON
07-05-2024 00:22,-15.7,OFF,ON,ON
07-05-2024 00:51,-16.4,OFF,ON,ON
07-05-2024 01:20,-16.9,OFF,ON,ON
07-05-2024 01:49,-17.1,OFF,ON,ON
07-05-2024 02:15,13,OFF,OFF,OFF
07-05-2024 02:44,-14,OFF,ON,ON
07-05-2024 03:13,-16.3,OFF,ON,ON
07-05-2024 03:42,-17.1,OFF,ON,ON
07-05-2024 04:11,-17.5,OFF,ON,ON
07-05-2024 04:40,-17.8,OFF,ON,ON
07-05-2024 04:55,-18,ON,OFF,OFF
07-05-2024 05:15,8.4,OFF,OFF,OFF
07-05-2024 05:44,-14.7,OFF,ON,ON
07-05-2024 06:13,-16.7,OFF,ON,ON
07-05-2024 06:42,-17.6,OFF,ON,ON
07-05-2024 07:11,-17.9,OFF,ON,ON
07-05-2024 07:40,-18.3,OFF,ON,ON
07-05-2024 08:09,-0.2,ON,OFF,OFF
07-05-2024 08:15,7.5,OFF,OFF,OFF
07-05-2024 08:25,-0.1,OFF,ON,ON
07-05-2024 08:54,-16.4,OFF,ON,ON
07-05-2024 09:23,-17.8,OFF,ON,ON
07-05-2024 09:52,-18.6,OFF,ON,ON
07-05-2024 10:21,-19.1,OFF,ON,ON
07-05-2024 10:50,-19,OFF,ON,ON
07-05-2024 10:55,-19.3,ON,OFF,OFF
07-05-2024 11:24,3.5,OFF,ON,OFF
07-05-2024 11:25,0.3,OFF,ON,ON
07-05-2024 11:54,-17,OFF,ON,ON
07-05-2024 12:20,-18.3,OFF,ON,ON
07-05-2024 12:49,-19.2,OFF,ON,ON
07-05-2024 13:18,-19.6,OFF,ON,ON
07-05-2024 14:24,4.5,OFF,ON,OFF
07-05-2024 14:25,1.4,OFF,ON,ON
07-05-2024 15:23,-13.8,OFF,ON,ON
07-05-2024 15:52,-12.4,OFF,ON,ON
07-05-2024 16:21,-14.2,OFF,ON,ON
07-05-2024 16:50,-15.5,OFF,ON,ON
07-05-2024 17:14,11.7,OFF,OFF,OFF
07-05-2024 17:43,-12.8,OFF,ON,ON
07-05-2024 18:12,-14.3,OFF,ON,ON
07-05-2024 18:41,-14.7,OFF,ON,ON
07-05-2024 19:10,-16.4,OFF,ON,ON
07-05-2024 19:39,-17.1,OFF,ON,ON
07-05-2024 20:08,0.7,ON,OFF,OFF
07-05-2024 20:14,13.7,OFF,OFF,OFF
07-05-2024 20:43,-13.1,OFF,ON,ON
07-05-2024 21:12,-15.8,OFF,ON,ON
07-05-2024 21:41,-16.9,OFF,ON,ON
07-05-2024 22:10,-17.4,OFF,ON,ON
07-05-2024 22:39,-18.1,OFF,ON,ON
07-05-2024 22:54,-18.2,ON,OFF,OFF
07-05-2024 23:14,9.9,OFF,OFF,OFF
07-05-2024 23:24,1.3,OFF,ON,ON
07-05-2024 23:53,-16,OFF,ON,ON
08-05-2024 00:22,-17.5,OFF,ON,ON
08-05-2024 00:51,-18.2,OFF,ON,ON
08-05-2024 01:20,-18.7,OFF,ON,ON
08-05-2024 01:49,-17.8,OFF,ON,ON
08-05-2024 01:54,-17.9,ON,OFF,OFF
08-05-2024 02:23,5.4,OFF,ON,OFF
08-05-2024 02:24,1.4,OFF,ON,ON
08-05-2024 02:53,-16,OFF,ON,ON
08-05-2024 03:22,-17.6,OFF,ON,ON
08-05-2024 03:51,-18.2,OFF,ON,ON
08-05-2024 04:20,-18.8,OFF,ON,ON
08-05-2024 04:49,-19.2,OFF,ON,ON
08-05-2024 04:54,-19.2,ON,OFF,OFF
08-05-2024 05:23,4.6,OFF,ON,OFF
08-05-2024 05:52,-16.5,OFF,ON,ON
08-05-2024 06:21,-17.9,OFF,ON,ON
08-05-2024 06:50,-18.8,OFF,ON,ON
08-05-2024 07:19,-19.3,OFF,ON,ON
08-05-2024 07:48,-19.6,OFF,ON,ON
08-05-2024 08:17,11.7,OFF,OFF,OFF
08-05-2024 08:24,0.5,OFF,ON,ON
08-05-2024 08:53,-17.4,OFF,ON,ON
08-05-2024 09:22,-19.1,OFF,ON,ON
08-05-2024 09:51,-19.9,OFF,ON,ON
08-05-2024 10:20,-19.7,OFF,ON,ON
09-05-2024 11:21,6.4,OFF,ON,OFF
09-05-2024 11:50,-15.2,OFF,ON,ON
09-05-2024 12:19,-17.1,OFF,ON,ON
09-05-2024 12:48,-17.2,OFF,ON,ON
09-05-2024 13:17,-18.2,OFF,ON,ON
09-05-2024 13:46,-14.2,OFF,ON,ON
09-05-2024 14:15,14.3,OFF,OFF,OFF
09-05-2024 14:44,-9.8,OFF,ON,ON
09-05-2024 15:13,-12.1,OFF,ON,ON
09-05-2024 15:42,-14.6,OFF,ON,ON
09-05-2024 16:11,-11.5,OFF,ON,ON
09-05-2024 16:40,-13.2,OFF,ON,ON
09-05-2024 16:52,-13.9,ON,OFF,OFF
09-05-2024 17:21,5.5,OFF,ON,OFF
09-05-2024 17:50,-11.7,OFF,ON,ON
09-05-2024 18:19,-11.7,OFF,ON,ON
09-05-2024 18:48,-13.5,OFF,ON,ON
09-05-2024 19:00,-14,OFF,ON,ON
09-05-2024 19:29,-14.5,OFF,ON,ON
09-05-2024 19:52,-15.5,ON,OFF,OFF
09-05-2024 20:21,4.9,OFF,ON,OFF
09-05-2024 20:50,-13.8,OFF,ON,ON
09-05-2024 21:19,-15.3,OFF,ON,ON
09-05-2024 21:48,-16.4,OFF,ON,ON
09-05-2024 22:17,-17.1,OFF,ON,ON
09-05-2024 22:46,-17.6,OFF,ON,ON
09-05-2024 23:12,9.1,OFF,OFF,OFF
09-05-2024 23:41,-14.2,OFF,ON,ON
10-05-2024 00:10,-16.5,OFF,ON,ON
10-05-2024 00:39,-17.5,OFF,ON,ON
10-05-2024 01:08,-18.1,OFF,ON,ON
10-05-2024 01:37,-18.5,OFF,ON,ON
10-05-2024 01:51,-18.8,ON,OFF,OFF
10-05-2024 02:20,6.1,OFF,ON,OFF
10-05-2024 02:49,-15.9,OFF,ON,ON
10-05-2024 03:18,-17.7,OFF,ON,ON
10-05-2024 03:47,-18.6,OFF,ON,ON
10-05-2024 04:16,-18.9,OFF,ON,ON
10-05-2024 04:45,-19.3,OFF,ON,ON
10-05-2024 04:51,-19.4,ON,OFF,OFF
10-05-2024 05:11,11.9,OFF,OFF,OFF
10-05-2024 05:21,1.1,OFF,ON,ON
10-05-2024 05:50,-16.6,OFF,ON,ON
10-05-2024 06:19,-18.2,OFF,ON,ON
10-05-2024 06:48,-19,OFF,ON,ON
10-05-2024 07:17,-19.5,OFF,ON,ON
10-05-2024 07:46,-19.9,OFF,ON,ON
10-05-2024 07:48,-20,OFF,OFF,ON
10-05-2024 08:11,11.1,OFF,OFF,OFF
10-05-2024 08:21,1,OFF,ON,ON
10-05-2024 08:50,-17.2,OFF,ON,ON
10-05-2024 09:19,-19.1,OFF,ON,ON
10-05-2024 10:08,-14.5,OFF,ON,ON
10-05-2024 10:37,-15.9,OFF,ON,ON
10-05-2024 10:51,-15.7,ON,OFF,OFF
10-05-2024 11:40,-10.2,OFF,ON,ON
10-05-2024 12:09,-14.8,OFF,ON,ON
10-05-2024 12:38,-6.7,OFF,ON,ON
10-05-2024 13:07,-7.8,OFF,ON,ON
10-05-2024 13:36,-9.3,OFF,ON,ON
10-05-2024 13:51,-10.3,ON,OFF,OFF
10-05-2024 14:20,6.3,OFF,ON,OFF
10-05-2024 14:49,-11.4,OFF,ON,ON
10-05-2024 15:18,-8.3,OFF,ON,ON
10-05-2024 15:47,-10.7,OFF,ON,ON
10-05-2024 16:16,-12.5,OFF,ON,ON
10-05-2024 16:45,-13.6,OFF,ON,ON
10-05-2024 16:51,-13.3,ON,OFF,OFF
10-05-2024 17:11,11.6,OFF,OFF,OFF
10-05-2024 17:40,-12.3,OFF,ON,ON
10-05-2024 18:09,-14.6,OFF,ON,ON
10-05-2024 18:38,-15.7,OFF,ON,ON
10-05-2024 19:07,-16.3,OFF,ON,ON
10-05-2024 19:36,-15.8,OFF,ON,ON
10-05-2024 19:50,-15.9,ON,OFF,OFF
10-05-2024 20:19,6.4,OFF,ON,OFF
10-05-2024 20:42,-14.1,OFF,ON,ON
10-05-2024 21:11,-16,OFF,ON,ON
10-05-2024 21:40,-16.4,OFF,ON,ON
10-05-2024 22:09,-16.8,OFF,ON,ON
10-05-2024 22:38,-17.4,OFF,ON,ON
10-05-2024 22:50,-17.5,ON,OFF,OFF
10-05-2024 23:19,5.3,OFF,ON,OFF
10-05-2024 23:48,-15.6,OFF,ON,ON
11-05-2024 00:17,-16.4,OFF,ON,ON
11-05-2024 00:46,-17.1,OFF,ON,ON
11-05-2024 01:15,-17.6,OFF,ON,ON
11-05-2024 01:44,-17.8,OFF,ON,ON
11-05-2024 01:50,-17.9,ON,OFF,OFF
11-05-2024 02:10,11.4,OFF,OFF,OFF
11-05-2024 02:39,-15.4,OFF,ON,ON
11-05-2024 03:08,-17.1,OFF,ON,ON
11-05-2024 03:37,-16.6,OFF,ON,ON
11-05-2024 04:06,-18.1,OFF,ON,ON
11-05-2024 04:35,-18.7,OFF,ON,ON
11-05-2024 05:04,0.4,ON,OFF,OFF
11-05-2024 05:10,12,OFF,OFF,OFF
11-05-2024 05:39,-15.8,OFF,ON,ON
11-05-2024 06:08,-17.5,OFF,ON,ON
11-05-2024 06:37,-18.4,OFF,ON,ON
11-05-2024 07:06,-19.1,OFF,ON,ON
11-05-2024 07:35,-19.5,OFF,ON,ON
11-05-2024 07:50,-19.7,ON,OFF,OFF
11-05-2024 08:10,10.9,OFF,OFF,OFF
11-05-2024 08:39,-16.6,OFF,ON,ON
11-05-2024 09:08,-18.5,OFF,ON,ON
11-05-2024 09:37,-18.6,OFF,ON,ON
11-05-2024 10:06,-19.5,OFF,ON,ON
11-05-2024 10:35,-19.9,OFF,ON,ON
11-05-2024 15:34,2.9,OFF,OFF,OFF
11-05-2024 15:35,2.6,OFF,ON,ON
11-05-2024 16:04,-12.3,OFF,ON,ON
11-05-2024 16:33,-15.7,OFF,ON,ON
11-05-2024 17:02,-17,OFF,ON,ON
11-05-2024 17:31,-16.8,OFF,ON,ON
11-05-2024 18:00,-16.4,OFF,ON,ON
11-05-2024 18:29,-17.3,OFF,ON,ON
11-05-2024 18:58,11.6,OFF,OFF,OFF
11-05-2024 19:27,-13.4,OFF,ON,ON
11-05-2024 19:56,-16.6,OFF,ON,ON
11-05-2024 20:25,-17.8,OFF,ON,ON
11-05-2024 20:54,-18.8,OFF,ON,ON
11-05-2024 21:23,-18,OFF,ON,ON
11-05-2024 21:33,-18.3,ON,OFF,OFF
11-05-2024 22:02,5.6,OFF,ON,OFF
11-05-2024 22:31,-14.9,OFF,ON,ON
11-05-2024 23:00,-16.9,OFF,ON,ON
11-05-2024 23:29,-17.6,OFF,ON,ON
11-05-2024 23:58,-18.3,OFF,ON,ON
12-05-2024 00:27,-18.6,OFF,ON,ON
12-05-2024 00:53,9.1,OFF,OFF,OFF
12-05-2024 01:22,-14.6,OFF,ON,ON
12-05-2024 01:51,-17.4,OFF,ON,ON
12-05-2024 02:20,-18.5,OFF,ON,ON
12-05-2024 02:49,-19.1,OFF,ON,ON
12-05-2024 03:18,-19.5,OFF,ON,ON
12-05-2024 03:33,-19.6,ON,OFF,OFF
12-05-2024 04:02,5,OFF,ON,OFF
12-05-2024 04:31,-16.4,OFF,ON,ON
12-05-2024 05:00,-18.3,OFF,ON,ON
12-05-2024 05:29,-19.1,OFF,ON,ON
12-05-2024 05:58,-19.6,OFF,ON,ON
12-05-2024 06:27,-19.9,OFF,ON,ON
12-05-2024 06:30,-20,OFF,OFF,ON
12-05-2024 06:53,12.6,OFF,OFF,OFF
12-05-2024 07:22,-15.6,OFF,ON,ON
12-05-2024 07:51,-18.1,OFF,ON,ON
12-05-2024 08:18,-19.3,OFF,ON,ON
12-05-2024 08:47,-19.8,OFF,ON,ON
12-05-2024 08:52,-20,OFF,OFF,ON
12-05-2024 09:21,-19.6,OFF,ON,ON
12-05-2024 09:26,-20,OFF,OFF,ON
12-05-2024 09:33,-19.2,ON,OFF,OFF
12-05-2024 10:02,3.5,OFF,ON,OFF
12-05-2024 10:03,0.2,OFF,ON,ON
12-05-2024 10:32,-17.4,OFF,ON,ON
12-05-2024 11:01,-19.6,OFF,ON,ON
12-05-2024 11:12,-20,OFF,OFF,ON
12-05-2024 11:27,-20,OFF,OFF,ON
12-05-2024 11:42,-20,OFF,OFF,ON
12-05-2024 12:09,-20,OFF,OFF,ON
12-05-2024 12:33,-19.7,ON,OFF,OFF
12-05-2024 12:53,10.7,OFF,OFF,OFF
12-05-2024 13:22,-13.7,OFF,ON,ON
12-05-2024 13:51,-16.8,OFF,ON,ON
12-05-2024 14:20,-18.3,OFF,ON,ON
12-05-2024 14:49,-11.3,OFF,ON,ON
12-05-2024 15:18,-14.1,OFF,ON,ON
12-05-2024 15:47,0.7,ON,OFF,OFF
12-05-2024 16:16,-11.2,OFF,ON,ON
12-05-2024 16:45,-12.5,OFF,ON,ON
12-05-2024 17:14,-15.2,OFF,ON,ON
12-05-2024 17:43,-14.6,OFF,ON,ON
12-05-2024 18:12,-16,OFF,ON,ON
12-05-2024 18:41,-9.3,ON,OFF,OFF
12-05-2024 19:02,1.5,OFF,ON,ON
12-05-2024 19:31,-15.4,OFF,ON,ON
12-05-2024 20:00,-17.1,OFF,ON,ON
12-05-2024 20:29,-16,OFF,ON,ON
12-05-2024 20:58,-12,OFF,ON,ON
12-05-2024 21:27,-11.9,OFF,ON,ON
12-05-2024 21:32,-11.9,ON,OFF,OFF
12-05-2024 21:52,12.2,OFF,OFF,OFF
12-05-2024 22:21,-8.9,OFF,ON,ON
12-05-2024 22:50,-10.4,OFF,ON,ON
12-05-2024 23:19,-13.7,OFF,ON,ON
12-05-2024 23:48,-16.1,OFF,ON,ON
13-05-2024 00:17,-16.9,OFF,ON,ON
13-05-2024 00:32,-17.2,ON,OFF,OFF
13-05-2024 00:52,8.2,OFF,OFF,OFF
13-05-2024 01:21,-10.7,OFF,ON,ON
13-05-2024 01:50,-14.2,OFF,ON,ON
13-05-2024 02:19,-15.9,OFF,ON,ON
13-05-2024 02:48,-16.7,OFF,ON,ON
13-05-2024 03:17,-17.5,OFF,ON,ON
13-05-2024 03:46,0.6,ON,OFF,OFF
13-05-2024 04:15,-13.6,OFF,ON,ON
13-05-2024 04:44,-16.4,OFF,ON,ON
13-05-2024 05:13,-17.3,OFF,ON,ON
13-05-2024 05:42,-17.9,OFF,ON,ON
13-05-2024 06:11,-18.4,OFF,ON,ON
13-05-2024 06:32,-18.6,ON,OFF,OFF
13-05-2024 06:52,10.8,OFF,OFF,OFF
13-05-2024 07:21,-15.5,OFF,ON,ON
13-05-2024 07:50,-17.5,OFF,ON,ON
13-05-2024 08:19,-18.3,OFF,ON,ON
13-05-2024 08:48,-18.9,OFF,ON,ON
13-05-2024 09:17,-18.8,OFF,ON,ON
13-05-2024 09:31,-19.1,ON,OFF,OFF
13-05-2024 09:51,6.7,OFF,OFF,OFF
13-05-2024 10:20,-15.8,OFF,ON,ON
13-05-2024 10:49,-17.9,OFF,ON,ON
13-05-2024 11:18,-18,OFF,ON,ON
13-05-2024 11:47,-19.2,OFF,ON,ON
13-05-2024 12:16,-15.7,OFF,ON,ON
13-05-2024 12:31,-12.6,ON,OFF,OFF
13-05-2024 13:00,8.9,OFF,ON,OFF
13-05-2024 13:29,-8.7,OFF,ON,ON
13-05-2024 13:58,-9.1,OFF,ON,ON
13-05-2024 14:27,-10.1,OFF,ON,ON
13-05-2024 14:56,-11.2,OFF,ON,ON
13-05-2024 15:25,-12.5,OFF,ON,ON
13-05-2024 15:51,9.4,OFF,OFF,OFF
13-05-2024 16:12,-9.2,OFF,ON,ON
13-05-2024 16:41,-12.1,OFF,ON,ON
13-05-2024 17:10,-13.8,OFF,ON,ON
13-05-2024 17:39,-14.9,OFF,ON,ON
13-05-2024 18:08,-10.5,OFF,ON,ON
13-05-2024 18:37,-8.5,ON,OFF,OFF
13-05-2024 19:06,-8,OFF,ON,ON
13-05-2024 19:35,-11.3,OFF,ON,ON
14-05-2024 09:06,0.3,OFF,OFF,OFF
14-05-2024 09:35,-7.2,OFF,ON,ON
14-05-2024 10:04,-9.6,OFF,ON,ON
14-05-2024 10:33,-11,OFF,ON,ON
14-05-2024 11:02,-12.2,OFF,ON,ON
14-05-2024 11:31,-13.3,OFF,ON,ON
14-05-2024 12:00,-14.5,OFF,ON,ON
14-05-2024 12:06,-14.5,ON,OFF,OFF
14-05-2024 14:57,-15.1,OFF,ON,ON
14-05-2024 15:06,-15.1,ON,OFF,OFF
14-05-2024 15:26,8.8,OFF,OFF,OFF
14-05-2024 15:55,-12.8,OFF,ON,ON
14-05-2024 16:24,-14.9,OFF,ON,ON
14-05-2024 16:53,-15.9,OFF,ON,ON
14-05-2024 17:22,-16.5,OFF,ON,ON
14-05-2024 17:51,-17,OFF,ON,ON
14-05-2024 18:06,-17.1,ON,OFF,OFF
14-05-2024 18:26,12.2,OFF,OFF,OFF
14-05-2024 18:55,-14.1,OFF,ON,ON
14-05-2024 19:24,-16.2,OFF,ON,ON
14-05-2024 19:53,-17.1,OFF,ON,ON
14-05-2024 20:22,-17.2,OFF,ON,ON
14-05-2024 20:51,-17.4,OFF,ON,ON
14-05-2024 21:06,-17.3,ON,OFF,OFF
14-05-2024 21:26,12.8,OFF,OFF,OFF
14-05-2024 21:55,-14.2,OFF,ON,ON
14-05-2024 22:24,-16.6,OFF,ON,ON
14-05-2024 22:53,-17.5,OFF,ON,ON
14-05-2024 23:22,-18.3,OFF,ON,ON
14-05-2024 23:51,-18.8,OFF,ON,ON
15-05-2024 00:06,-18.9,ON,OFF,OFF
15-05-2024 00:35,3.4,OFF,ON,OFF
15-05-2024 01:04,-16.3,OFF,ON,ON
15-05-2024 01:33,-17.9,OFF,ON,ON
15-05-2024 02:02,-18.7,OFF,ON,ON
15-05-2024 02:31,-19.3,OFF,ON,ON
15-05-2024 03:00,-19.7,OFF,ON,ON
15-05-2024 03:06,-19.7,ON,OFF,OFF
15-05-2024 03:35,3.6,OFF,ON,OFF
15-05-2024 04:04,-16.7,OFF,ON,ON
15-05-2024 04:33,-18.3,OFF,ON,ON
15-05-2024 05:02,-19,OFF,ON,ON
15-05-2024 05:31,-19.6,OFF,ON,ON
15-05-2024 06:00,-19.9,OFF,ON,ON
15-05-2024 06:25,12.5,OFF,OFF,OFF
15-05-2024 06:54,-15.8,OFF,ON,ON
15-05-2024 07:23,-18.1,OFF,ON,ON
15-05-2024 07:52,-17.6,OFF,ON,ON
15-05-2024 08:21,-16,OFF,ON,ON
15-05-2024 08:50,-16.7,OFF,ON,ON
15-05-2024 09:05,-16.8,ON,OFF,OFF
15-05-2024 09:34,4.2,OFF,ON,OFF
15-05-2024 18:39,-9.4,OFF,ON,ON
15-05-2024 19:08,-11.8,OFF,ON,ON
15-05-2024 19:55,-7.2,OFF,OFF,OFF
16-05-2024 08:30,-0.2,OFF,OFF,OFF
16-05-2024 08:59,-7.9,OFF,ON,ON
16-05-2024 09:28,-9.2,OFF,ON,ON
16-05-2024 09:57,-11.8,OFF,ON,ON
16-05-2024 10:26,-12.9,OFF,ON,ON
16-05-2024 10:55,-13.9,OFF,ON,ON
16-05-2024 11:24,-14.7,OFF,ON,ON
16-05-2024 11:30,-14.6,ON,OFF,OFF
16-05-2024 11:50,9.3,OFF,OFF,OFF
16-05-2024 12:00,0.8,OFF,ON,ON
16-05-2024 16:04,1.8,OFF,OFF,OFF
16-05-2024 16:33,2.7,OFF,ON,ON
16-05-2024 17:02,-4.1,OFF,ON,ON
16-05-2024 17:31,-7.3,OFF,ON,ON
16-05-2024 18:00,-9.2,OFF,ON,ON
16-05-2024 18:29,-9.3,OFF,ON,ON
16-05-2024 18:58,-10.5,OFF,ON,ON
16-05-2024 19:24,13.6,OFF,OFF,OFF
16-05-2024 19:53,-7.5,OFF,ON,ON
16-05-2024 20:22,-10.1,OFF,ON,ON
16-05-2024 20:51,-11.6,OFF,ON,ON
16-05-2024 21:21,-12.8,OFF,ON,ON
16-05-2024 21:50,-13.2,OFF,ON,ON
16-05-2024 22:04,-13.4,ON,OFF,OFF
16-05-2024 22:24,14.6,OFF,OFF,OFF
16-05-2024 22:34,3,OFF,ON,ON
16-05-2024 23:03,-10.9,OFF,ON,ON
16-05-2024 23:32,-13.1,OFF,ON,ON
17-05-2024 00:01,-13.9,OFF,ON,ON
17-05-2024 00:30,-14.5,OFF,ON,ON
17-05-2024 00:59,-15.1,OFF,ON,ON
17-05-2024 01:24,13.8,OFF,OFF,OFF
17-05-2024 01:34,2.1,OFF,ON,ON
17-05-2024 02:03,-13.1,OFF,ON,ON
17-05-2024 02:32,-14.9,OFF,ON,ON
17-05-2024 03:01,-15.7,OFF,ON,ON
17-05-2024 03:30,-16.1,OFF,ON,ON
17-05-2024 03:59,-16.4,OFF,ON,ON
17-05-2024 04:28,15.6,OFF,OFF,OFF
17-05-2024 04:57,-13.2,OFF,ON,ON
17-05-2024 05:26,-15.6,OFF,ON,ON
17-05-2024 05:55,-16.3,OFF,ON,ON
17-05-2024 06:24,-16.8,OFF,ON,ON
17-05-2024 06:53,-17.1,OFF,ON,ON
17-05-2024 07:04,-17.2,ON,OFF,OFF
17-05-2024 07:33,4.5,OFF,ON,OFF
17-05-2024 08:02,-14.6,OFF,ON,ON
17-05-2024 08:31,-16.4,OFF,ON,ON
17-05-2024 09:00,-17.7,OFF,ON,ON
17-05-2024 09:29,-18.1,OFF,ON,ON
17-05-2024 09:58,-14,OFF,ON,ON
17-05-2024 10:03,-12.9,ON,OFF,OFF
17-05-2024 10:23,13.4,OFF,OFF,OFF
17-05-2024 10:52,-9.4,OFF,ON,ON
17-05-2024 11:21,-8.1,OFF,ON,ON
17-05-2024 11:41,-8.9,OFF,ON,ON
17-05-2024 12:10,-10.1,OFF,ON,ON
17-05-2024 12:39,-13.1,OFF,ON,ON
17-05-2024 13:03,-13,ON,OFF,OFF
17-05-2024 13:23,13,OFF,OFF,OFF
17-05-2024 13:52,-10,OFF,ON,ON
17-05-2024 14:21,-12.8,OFF,ON,ON
17-05-2024 14:50,-13.9,OFF,ON,ON
17-05-2024 15:19,-13.5,OFF,ON,ON
17-05-2024 15:48,-14.4,OFF,ON,ON
17-05-2024 16:03,-14.7,ON,OFF,OFF
17-05-2024 16:23,13.1,OFF,OFF,OFF
17-05-2024 16:52,-9,OFF,ON,ON
17-05-2024 17:21,-11.9,OFF,ON,ON
17-05-2024 17:50,-13.1,OFF,ON,ON
17-05-2024 18:19,-14.4,OFF,ON,ON
17-05-2024 18:48,-15,OFF,ON,ON
17-05-2024 19:17,7.5,ON,OFF,OFF
17-05-2024 19:23,14,OFF,OFF,OFF
17-05-2024 19:52,-8.4,OFF,ON,ON
17-05-2024 20:21,-11.1,OFF,ON,ON
17-05-2024 20:50,-12.8,OFF,ON,ON
17-05-2024 21:19,-13.6,OFF,ON,ON
17-05-2024 21:48,-14.3,OFF,ON,ON
17-05-2024 22:03,-14.6,ON,OFF,OFF
17-05-2024 22:23,13.5,OFF,OFF,OFF
17-05-2024 22:52,-10.9,OFF,ON,ON
17-05-2024 23:21,-13.8,OFF,ON,ON
17-05-2024 23:50,-14.9,OFF,ON,ON
18-05-2024 00:19,-15.4,OFF,ON,ON
18-05-2024 00:48,-16,OFF,ON,ON
18-05-2024 01:17,2.2,ON,OFF,OFF
18-05-2024 01:46,-11.1,OFF,ON,ON
18-05-2024 02:15,-14.8,OFF,ON,ON
18-05-2024 02:44,-15.9,OFF,ON,ON
18-05-2024 03:13,-16.4,OFF,ON,ON
18-05-2024 03:42,-16.7,OFF,ON,ON
18-05-2024 04:11,-9.2,ON,OFF,OFF
18-05-2024 04:23,13.9,OFF,OFF,OFF
18-05-2024 04:33,1.9,OFF,ON,ON
18-05-2024 05:02,-14.6,OFF,ON,ON
18-05-2024 05:31,-16.3,OFF,ON,ON
18-05-2024 06:00,-16.9,OFF,ON,ON
18-05-2024 06:29,-17.3,OFF,ON,ON
18-05-2024 06:58,-17.6,OFF,ON,ON
18-05-2024 07:02,-17.7,ON,OFF,OFF
18-05-2024 07:31,6,OFF,ON,OFF
18-05-2024 07:32,0.2,OFF,ON,ON
18-05-2024 08:01,-15.2,OFF,ON,ON
18-05-2024 08:30,-16.8,OFF,ON,ON
18-05-2024 08:59,-18,OFF,ON,ON
18-05-2024 09:28,-18.7,OFF,ON,ON
18-05-2024 09:57,-14.5,OFF,ON,ON
18-05-2024 10:02,-15.6,ON,OFF,OFF
18-05-2024 10:31,6.2,OFF,ON,OFF
18-05-2024 10:32,1.8,OFF,ON,ON
18-05-2024 11:01,-14.2,OFF,ON,ON
18-05-2024 11:30,-15.7,OFF,ON,ON
18-05-2024 12:28,-12.4,OFF,ON,ON
18-05-2024 12:57,-12.6,OFF,ON,ON
18-05-2024 13:02,-13.2,ON,OFF,OFF
18-05-2024 13:22,13,OFF,OFF,OFF
18-05-2024 13:51,-10.6,OFF,ON,ON
18-05-2024 14:20,-12,OFF,ON,ON
18-05-2024 14:49,-14.8,OFF,ON,ON
18-05-2024 15:18,-15.6,OFF,ON,ON
18-05-2024 15:50,-14.4,OFF,ON,ON
18-05-2024 16:02,-13.2,ON,OFF,OFF
18-05-2024 16:31,5.3,OFF,ON,OFF
18-05-2024 17:00,-11.3,OFF,ON,ON
18-05-2024 17:29,-13.8,OFF,ON,ON
18-05-2024 17:58,-13,OFF,ON,ON
18-05-2024 18:27,-13.8,OFF,ON,ON
18-05-2024 18:56,-14.5,OFF,ON,ON
18-05-2024 19:22,13.9,OFF,OFF,OFF
18-05-2024 19:51,-8.3,OFF,ON,ON
18-05-2024 20:20,-11.3,OFF,ON,ON
18-05-2024 20:49,-12.9,OFF,ON,ON
18-05-2024 21:18,-13.8,OFF,ON,ON
18-05-2024 21:47,-14.5,OFF,ON,ON
18-05-2024 22:16,3,ON,OFF,OFF
18-05-2024 22:45,-10.4,OFF,ON,ON
18-05-2024 23:14,-13.8,OFF,ON,ON
18-05-2024 23:43,-12.6,OFF,ON,ON
19-05-2024 00:12,-13.6,OFF,ON,ON
19-05-2024 00:41,-14.4,OFF,ON,ON
19-05-2024 01:10,-7.1,ON,OFF,OFF
19-05-2024 01:21,13.5,OFF,OFF,OFF
19-05-2024 01:50,-11.6,OFF,ON,ON
19-05-2024 02:19,-14.2,OFF,ON,ON
19-05-2024 02:48,-15.1,OFF,ON,ON
19-05-2024 03:17,-15.8,OFF,ON,ON
19-05-2024 03:46,-16.2,OFF,ON,ON
19-05-2024 04:01,-16.4,ON,OFF,OFF
19-05-2024 04:21,13.6,OFF,OFF,OFF
19-05-2024 04:50,-13,OFF,ON,ON
19-05-2024 05:19,-15.5,OFF,ON,ON
19-05-2024 05:48,-16.3,OFF,ON,ON
19-05-2024 06:17,-16.7,OFF,ON,ON
19-05-2024 06:46,-17,OFF,ON,ON
19-05-2024 07:15,1.5,ON,OFF,OFF
19-05-2024 07:44,-12.8,OFF,ON,ON
19-05-2024 08:13,-15.9,OFF,ON,ON
19-05-2024 08:37,-13.5,OFF,OFF,OFF
19-05-2024 09:06,-16.9,OFF,ON,ON
19-05-2024 09:35,-17.4,OFF,ON,ON
19-05-2024 10:04,-17.8,OFF,ON,ON
19-05-2024 10:33,-16.3,OFF,ON,ON
19-05-2024 11:02,-16.8,OFF,ON,ON
19-05-2024 11:31,-17.7,OFF,ON,ON
19-05-2024 11:37,-17.6,ON,OFF,OFF
19-05-2024 11:57,8,OFF,OFF,OFF
19-05-2024 12:26,-15.4,OFF,ON,ON
19-05-2024 12:55,-17.6,OFF,ON,ON
19-05-2024 13:24,-15.5,OFF,ON,ON
19-05-2024 13:53,-17.5,OFF,ON,ON
19-05-2024 14:22,-18.3,OFF,ON,ON
19-05-2024 14:36,-18.5,ON,OFF,OFF
19-05-2024 15:05,5,OFF,ON,OFF
19-05-2024 15:34,-16.2,OFF,ON,ON
19-05-2024 16:03,-17.8,OFF,ON,ON
19-05-2024 16:32,-18.7,OFF,ON,ON
19-05-2024 17:01,-19.1,OFF,ON,ON
19-05-2024 17:30,-19.2,OFF,ON,ON
19-05-2024 17:36,-19.3,ON,OFF,OFF
19-05-2024 17:56,11,OFF,OFF,OFF
19-05-2024 18:25,-14,OFF,ON,ON
19-05-2024 18:54,-17.4,OFF,ON,ON
19-05-2024 19:23,-16.8,OFF,ON,ON
19-05-2024 19:52,-18.2,OFF,ON,ON
19-05-2024 20:21,-18.3,OFF,ON,ON
19-05-2024 21:05,4.1,OFF,ON,OFF
19-05-2024 21:34,-16.4,OFF,ON,ON
19-05-2024 22:03,-18.1,OFF,ON,ON
19-05-2024 22:32,-19,OFF,ON,ON
19-05-2024 23:01,-19.4,OFF,ON,ON
19-05-2024 23:30,-19.8,OFF,ON,ON
19-05-2024 23:36,-19.9,ON,OFF,OFF
19-05-2024 23:56,6.5,OFF,OFF,OFF
20-05-2024 00:25,-16.3,OFF,ON,ON
20-05-2024 00:54,-18.6,OFF,ON,ON
20-05-2024 01:23,-19.6,OFF,ON,ON
20-05-2024 01:52,-19.3,OFF,ON,ON
20-05-2024 02:21,-19.9,OFF,ON,ON
20-05-2024 02:22,-20,OFF,OFF,ON
20-05-2024 02:36,-19.7,ON,OFF,OFF
20-05-2024 03:05,3.8,OFF,ON,OFF
20-05-2024 03:34,-17.2,OFF,ON,ON
20-05-2024 04:03,-19.1,OFF,ON,ON
20-05-2024 04:32,-19.9,OFF,ON,ON
20-05-2024 05:01,-18,OFF,ON,ON
20-05-2024 05:18,-20,OFF,OFF,ON
20-05-2024 05:47,-5.1,ON,OFF,OFF
20-05-2024 05:56,9.7,OFF,OFF,OFF
20-05-2024 06:06,0,OFF,ON,ON
20-05-2024 06:35,-17.6,OFF,ON,ON
20-05-2024 07:04,-19.5,OFF,ON,ON
20-05-2024 07:33,-19.7,OFF,ON,ON
20-05-2024 08:02,-18.7,OFF,ON,ON
20-05-2024 08:13,-20,OFF,OFF,ON
20-05-2024 08:35,-20,OFF,OFF,ON
20-05-2024 08:56,9.3,OFF,OFF,OFF
20-05-2024 09:25,-16.7,OFF,ON,ON
20-05-2024 09:54,-17.9,OFF,ON,ON
20-05-2024 10:23,-17.4,OFF,ON,ON
20-05-2024 10:52,-14.4,OFF,ON,ON
20-05-2024 11:21,-15.6,OFF,ON,ON
20-05-2024 11:35,-16,ON,OFF,OFF
20-05-2024 12:04,4.9,OFF,ON,OFF
20-05-2024 12:33,-13.3,OFF,ON,ON
20-05-2024 13:02,-12.9,OFF,ON,ON
20-05-2024 13:31,-13.6,OFF,ON,ON
20-05-2024 14:00,-13.1,OFF,ON,ON
20-05-2024 14:29,-11.5,OFF,ON,ON
20-05-2024 14:55,9.8,OFF,OFF,OFF
20-05-2024 15:24,-10.1,OFF,ON,ON
20-05-2024 15:53,-12.5,OFF,ON,ON
20-05-2024 16:22,-13.6,OFF,ON,ON
20-05-2024 16:51,-15.1,OFF,ON,ON
20-05-2024 17:20,-15.9,OFF,ON,ON
20-05-2024 17:49,-1.1,ON,OFF,OFF
20-05-2024 17:55,8.8,OFF,OFF,OFF
20-05-2024 18:24,-13.3,OFF,ON,ON
20-05-2024 18:53,-15.5,OFF,ON,ON
20-05-2024 19:22,-7.9,OFF,ON,ON
20-05-2024 19:51,-12.4,OFF,ON,ON
20-05-2024 20:20,-14.7,OFF,ON,ON
20-05-2024 20:35,-15.4,ON,OFF,OFF
20-05-2024 20:55,11.5,OFF,OFF,OFF
20-05-2024 21:05,0,OFF,ON,ON
20-05-2024 21:34,-14,OFF,ON,ON
20-05-2024 22:03,-15.6,OFF,ON,ON
20-05-2024 22:32,-16.4,OFF,ON,ON
20-05-2024 23:01,-17.1,OFF,ON,ON
20-05-2024 23:30,-17.6,OFF,ON,ON
21-05-2024 00:24,-15.1,OFF,ON,ON
21-05-2024 00:53,-16.8,OFF,ON,ON
21-05-2024 01:22,-17.6,OFF,ON,ON
21-05-2024 01:51,-18.3,OFF,ON,ON
21-05-2024 02:20,-18.8,OFF,ON,ON
21-05-2024 02:49,0,ON,OFF,OFF
21-05-2024 02:54,9.6,OFF,OFF,OFF
21-05-2024 03:04,0.3,OFF,ON,ON
21-05-2024 03:33,-16.7,OFF,ON,ON
21-05-2024 04:02,-18.1,OFF,ON,ON
21-05-2024 04:31,-18.9,OFF,ON,ON
21-05-2024 05:00,-17.7,OFF,ON,ON
21-05-2024 05:29,-17.4,OFF,ON,ON
21-05-2024 05:34,-17.3,ON,OFF,OFF
21-05-2024 06:03,5.7,OFF,ON,OFF
21-05-2024 06:32,-13.5,OFF,ON,ON
21-05-2024 07:01,-15.1,OFF,ON,ON
21-05-2024 07:30,-15.8,OFF,ON,ON
21-05-2024 07:59,-16.4,OFF,ON,ON
21-05-2024 08:28,-17.8,OFF,ON,ON
21-05-2024 08:34,-18.3,ON,OFF,OFF
21-05-2024 08:54,5,OFF,OFF,OFF
21-05-2024 09:23,-15.5,OFF,ON,ON
21-05-2024 09:52,-16.9,OFF,ON,ON
21-05-2024 10:21,-19,OFF,ON,ON
21-05-2024 10:50,-20,OFF,OFF,ON
21-05-2024 11:15,-20,OFF,OFF,ON
21-05-2024 11:34,-8.6,ON,OFF,OFF
21-05-2024 12:15,-6.2,OFF,OFF,OFF
21-05-2024 12:44,-12,OFF,ON,ON
21-05-2024 13:13,-13.8,OFF,ON,ON
21-05-2024 13:42,-9.2,OFF,ON,ON
21-05-2024 14:11,-11.6,OFF,ON,ON
21-05-2024 14:40,-12.9,OFF,ON,ON
21-05-2024 15:35,-8.3,OFF,OFF,OFF
21-05-2024 16:04,-10.3,OFF,ON,ON
21-05-2024 16:33,-13.2,OFF,ON,ON
21-05-2024 17:02,-14.2,OFF,ON,ON
21-05-2024 17:32,-13.3,OFF,OFF,OFF
21-05-2024 18:01,-15,OFF,ON,ON
21-05-2024 20:39,-3.8,OFF,OFF,OFF
21-05-2024 21:08,-12.6,OFF,ON,ON
21-05-2024 21:37,-14.1,OFF,ON,ON
21-05-2024 22:06,-14.8,OFF,ON,ON
21-05-2024 22:35,-15.3,OFF,ON,ON
21-05-2024 23:04,-15.7,OFF,ON,ON
21-05-2024 23:33,-16,OFF,ON,ON
21-05-2024 23:38,-16.1,ON,OFF,OFF
22-05-2024 00:07,-0.2,OFF,ON,OFF
22-05-2024 00:36,-15,OFF,ON,ON
22-05-2024 01:05,-16.1,OFF,ON,ON
22-05-2024 01:34,-16.6,OFF,ON,ON
22-05-2024 02:03,-17,OFF,ON,ON
22-05-2024 03:27,-8.8,OFF,OFF,OFF
22-05-2024 03:56,-15.9,OFF,ON,ON
22-05-2024 04:25,-16.3,OFF,ON,ON
22-05-2024 04:54,-17.5,OFF,ON,ON
22-05-2024 05:23,-18.2,OFF,ON,ON
22-05-2024 05:52,-15,OFF,ON,ON
22-05-2024 06:21,-15.2,OFF,ON,ON
22-05-2024 06:26,-15.5,ON,OFF,OFF
22-05-2024 06:55,4.2,OFF,ON,OFF
22-05-2024 07:24,-14,OFF,ON,ON
22-05-2024 07:53,-15.9,OFF,ON,ON
22-05-2024 08:22,-16.7,OFF,ON,ON
22-05-2024 08:51,-17,OFF,ON,ON
22-05-2024 09:20,-17.4,OFF,ON,ON
22-05-2024 09:26,-17.6,ON,OFF,OFF
22-05-2024 09:46,10.5,OFF,OFF,OFF
22-05-2024 09:56,0.7,OFF,ON,ON
22-05-2024 10:25,-15.8,OFF,ON,ON
22-05-2024 10:54,-14.4,OFF,ON,ON
22-05-2024 11:23,-17.8,OFF,ON,ON
22-05-2024 11:52,-18.7,OFF,ON,ON
22-05-2024 12:21,-16,OFF,ON,ON
22-05-2024 12:26,-16.5,ON,OFF,OFF
22-05-2024 12:46,11,OFF,OFF,OFF
22-05-2024 13:15,-11.9,OFF,ON,ON
22-05-2024 13:44,-10.3,OFF,ON,ON
22-05-2024 14:13,-9.5,OFF,ON,ON
22-05-2024 14:42,-10.9,OFF,ON,ON
22-05-2024 15:11,-12,OFF,ON,ON
22-05-2024 15:26,-12.4,ON,OFF,OFF
22-05-2024 15:46,8.7,OFF,OFF,OFF
22-05-2024 16:44,-12.3,OFF,ON,ON
22-05-2024 17:13,-13.2,OFF,ON,ON
22-05-2024 17:42,-13.5,OFF,ON,ON
22-05-2024 18:11,-14.2,OFF,ON,ON
22-05-2024 18:40,0.1,ON,OFF,OFF
22-05-2024 18:46,11.3,OFF,OFF,OFF
22-05-2024 19:15,-12,OFF,ON,ON
22-05-2024 19:44,-13.6,OFF,ON,ON
22-05-2024 20:13,-14.4,OFF,ON,ON
22-05-2024 20:42,-14.9,OFF,ON,ON
22-05-2024 21:11,-15.4,OFF,ON,ON
22-05-2024 21:40,0.8,ON,OFF,OFF
22-05-2024 21:46,11.4,OFF,OFF,OFF
22-05-2024 22:15,-13.6,OFF,ON,ON
22-05-2024 22:44,-15.1,OFF,ON,ON
22-05-2024 23:13,-15.8,OFF,ON,ON
22-05-2024 23:42,-13.4,OFF,ON,ON
23-05-2024 00:11,-14.4,OFF,ON,ON
23-05-2024 00:26,-14.7,ON,OFF,OFF
23-05-2024 00:55,4.3,OFF,ON,OFF
23-05-2024 01:24,-13.8,OFF,ON,ON
23-05-2024 08:53,-16.3,OFF,ON,ON
23-05-2024 09:22,-12.2,OFF,ON,ON
23-05-2024 09:45,13.4,OFF,OFF,OFF
23-05-2024 10:14,-11.2,OFF,ON,ON
23-05-2024 10:43,-13.9,OFF,ON,ON
23-05-2024 11:12,-15,OFF,ON,ON
23-05-2024 11:41,-16,OFF,ON,ON
23-05-2024 12:05,-16.3,OFF,ON,ON
23-05-2024 12:25,-16.8,ON,OFF,OFF
23-05-2024 12:54,4.3,OFF,ON,OFF
23-05-2024 13:23,-11.6,OFF,ON,ON
23-05-2024 13:52,-13.4,OFF,ON,ON
23-05-2024 14:21,-14.5,OFF,ON,ON
23-05-2024 14:50,-11.7,OFF,ON,ON
23-05-2024 15:19,-12.6,OFF,ON,ON
23-05-2024 15:50,11.1,OFF,ON,OFF
23-05-2024 16:19,-11.3,OFF,ON,ON
23-05-2024 16:49,-12.8,OFF,ON,ON
23-05-2024 17:18,-13.5,OFF,ON,ON
23-05-2024 17:47,-14.1,OFF,ON,ON
23-05-2024 18:16,-14.5,OFF,ON,ON
23-05-2024 19:14,-11.3,OFF,ON,ON
23-05-2024 19:32,-0.8,OFF,OFF,OFF
23-05-2024 20:01,-9.1,OFF,ON,ON
23-05-2024 20:30,-9.9,OFF,ON,ON
23-05-2024 20:59,-10.3,OFF,ON,ON
23-05-2024 21:28,-10.7,OFF,ON,ON
23-05-2024 21:57,-10.6,OFF,ON,ON
23-05-2024 22:26,-11,OFF,ON,ON
23-05-2024 22:32,-11.1,ON,OFF,OFF
23-05-2024 22:52,8.8,OFF,OFF,OFF
23-05-2024 23:21,-9.7,OFF,ON,ON
23-05-2024 23:50,-10.8,OFF,ON,ON
24-05-2024 00:19,-11.5,OFF,ON,ON
24-05-2024 00:48,-12,OFF,ON,ON
24-05-2024 01:17,-12.3,OFF,ON,ON
24-05-2024 01:32,-12.5,ON,OFF,OFF
24-05-2024 01:52,13.3,OFF,OFF,OFF
24-05-2024 02:21,-10.8,OFF,ON,ON
24-05-2024 02:50,-12.4,OFF,ON,ON
24-05-2024 03:19,-13.1,OFF,ON,ON
24-05-2024 03:48,-13.5,OFF,ON,ON
24-05-2024 04:17,-13.9,OFF,ON,ON
24-05-2024 04:46,1.7,ON,OFF,OFF
24-05-2024 05:15,-8.4,OFF,ON,ON
24-05-2024 05:44,-12.5,OFF,ON,ON
24-05-2024 06:13,-13.7,OFF,ON,ON
24-05-2024 07:11,-14.1,OFF,ON,ON
24-05-2024 07:31,-14.6,ON,OFF,OFF
24-05-2024 07:51,11,OFF,OFF,OFF
24-05-2024 09:06,-2.9,OFF,OFF,OFF
24-05-2024 09:35,-12.8,OFF,ON,ON
24-05-2024 10:04,-14,OFF,ON,ON
24-05-2024 10:33,-14.7,OFF,ON,ON
24-05-2024 11:02,-13.5,OFF,ON,ON
24-05-2024 11:31,-14.7,OFF,ON,ON
24-05-2024 12:00,-15.5,OFF,ON,ON
24-05-2024 12:06,-15.6,ON,OFF,OFF
24-05-2024 12:35,4.8,OFF,ON,OFF
24-05-2024 13:04,-8,OFF,ON,ON
24-05-2024 13:33,-11,OFF,ON,ON
24-05-2024 14:02,-10.5,OFF,ON,ON
24-05-2024 14:31,-9.8,OFF,ON,ON
24-05-2024 15:00,-11.6,OFF,ON,ON
24-05-2024 15:06,-11.8,ON,OFF,OFF
24-05-2024 15:35,4.3,OFF,ON,OFF
24-05-2024 16:04,-10.2,OFF,ON,ON
24-05-2024 16:33,-7.7,OFF,ON,ON
24-05-2024 17:02,-9,OFF,ON,ON
24-05-2024 17:31,-10.7,OFF,ON,ON
24-05-2024 18:00,-10.1,OFF,ON,ON
24-05-2024 18:05,-9.3,ON,OFF,OFF
24-05-2024 18:34,6.8,OFF,ON,OFF
24-05-2024 18:35,2.9,OFF,ON,ON
24-05-2024 19:33,-6.3,OFF,ON,ON
24-05-2024 20:02,-7.9,OFF,ON,ON
24-05-2024 20:31,-8.7,OFF,ON,ON
24-05-2024 21:00,-9.2,OFF,ON,ON
24-05-2024 21:05,-9.3,ON,OFF,OFF
24-05-2024 21:34,6,OFF,ON,OFF
24-05-2024 22:03,-8.7,OFF,ON,ON
24-05-2024 22:32,-9.6,OFF,ON,ON
24-05-2024 23:01,-10.2,OFF,ON,ON
24-05-2024 23:30,-10.5,OFF,ON,ON
24-05-2024 23:59,-10.9,OFF,ON,ON
25-05-2024 00:28,14,OFF,OFF,OFF
25-05-2024 00:57,-9.7,OFF,ON,ON
25-05-2024 01:26,-10.8,OFF,ON,ON
25-05-2024 01:55,-11.5,OFF,ON,ON
25-05-2024 02:24,-12,OFF,ON,ON
25-05-2024 02:53,-12.3,OFF,ON,ON
25-05-2024 03:05,-12.5,ON,OFF,OFF
25-05-2024 03:25,13.6,OFF,OFF,OFF
25-05-2024 03:54,-10.7,OFF,ON,ON
25-05-2024 04:23,-9.7,OFF,ON,ON
25-05-2024 04:52,-12.3,OFF,ON,ON
25-05-2024 05:21,-13.2,OFF,ON,ON
25-05-2024 05:50,-11.6,OFF,ON,ON
25-05-2024 06:25,13,OFF,OFF,OFF
25-05-2024 06:35,2.7,OFF,ON,ON
25-05-2024 07:04,-11.6,OFF,ON,ON
25-05-2024 07:33,-13,OFF,ON,ON
25-05-2024 08:02,-13.7,OFF,ON,ON
25-05-2024 08:31,-14.3,OFF,ON,ON
25-05-2024 09:00,-14.7,OFF,ON,ON
25-05-2024 09:29,14.2,OFF,OFF,OFF
25-05-2024 09:58,-12,OFF,ON,ON
25-05-2024 10:27,-14,OFF,ON,ON
25-05-2024 10:56,-11,OFF,ON,ON
25-05-2024 11:25,-13.6,OFF,ON,ON
25-05-2024 11:54,-14.4,OFF,ON,ON
25-05-2024 12:05,-14.6,ON,OFF,OFF
25-05-2024 12:25,9.5,OFF,OFF,OFF
25-05-2024 12:54,-9.1,OFF,ON,ON
25-05-2024 13:23,-10.8,OFF,ON,ON
25-05-2024 13:52,-10.9,OFF,ON,ON
25-05-2024 14:21,-10.8,OFF,ON,ON
25-05-2024 14:39,-11.4,OFF,ON,ON
25-05-2024 15:04,-13,ON,OFF,OFF
25-05-2024 15:33,5.7,OFF,ON,OFF
25-05-2024 16:02,-8.7,OFF,ON,ON
25-05-2024 16:31,-9.3,OFF,ON,ON
25-05-2024 17:00,-10.5,OFF,ON,ON
25-05-2024 17:29,-11.3,OFF,ON,ON
25-05-2024 17:58,-11.5,OFF,ON,ON
25-05-2024 18:04,-11.2,ON,OFF,OFF
25-05-2024 18:24,11,OFF,OFF,OFF
25-05-2024 19:03,-8.7,OFF,ON,ON
25-05-2024 19:32,-8.4,OFF,ON,ON
25-05-2024 20:01,-9.1,OFF,ON,ON
25-05-2024 20:30,-9.5,OFF,ON,ON
25-05-2024 20:59,-10,OFF,ON,ON
25-05-2024 22:03,-9.4,OFF,ON,ON
25-05-2024 22:32,-10.2,OFF,ON,ON
25-05-2024 23:01,-10.9,OFF,ON,ON
25-05-2024 23:30,-11.3,OFF,ON,ON
25-05-2024 23:59,-11.7,OFF,ON,ON
26-05-2024 00:04,-11.8,ON,OFF,OFF
26-05-2024 00:33,5.2,OFF,ON,OFF
26-05-2024 01:02,-11.2,OFF,ON,ON
26-05-2024 01:31,-12.8,OFF,ON,ON
26-05-2024 02:00,-12.1,OFF,ON,ON
26-05-2024 02:29,-11,OFF,ON,ON
26-05-2024 02:58,-12.5,OFF,ON,ON
26-05-2024 03:04,-12.6,ON,OFF,OFF
26-05-2024 03:33,5.8,OFF,ON,OFF
26-05-2024 04:02,-11.5,OFF,ON,ON
26-05-2024 04:31,-12.8,OFF,ON,ON
26-05-2024 05:00,-13.2,OFF,ON,ON
26-05-2024 05:29,-14.3,OFF,ON,ON
26-05-2024 05:58,-12.6,OFF,ON,ON
26-05-2024 06:04,-12.9,ON,OFF,OFF
26-05-2024 06:24,14.7,OFF,OFF,OFF
26-05-2024 06:34,3.3,OFF,ON,ON
26-05-2024 07:03,-12.2,OFF,ON,ON
26-05-2024 08:01,-14,OFF,ON,ON
26-05-2024 08:30,-14.5,OFF,ON,ON
26-05-2024 08:59,-14.7,OFF,ON,ON
26-05-2024 09:03,-14.8,ON,OFF,OFF
26-05-2024 09:23,12.8,OFF,OFF,OFF
26-05-2024 09:52,-12.8,OFF,ON,ON
26-05-2024 10:16,-12.8,OFF,OFF,OFF
26-05-2024 10:45,-11.3,OFF,ON,ON
26-05-2024 12:16,-10.9,OFF,ON,ON
26-05-2024 13:07,-0.5,OFF,OFF,OFF
26-05-2024 13:43,-3.5,OFF,OFF,OFF
26-05-2024 14:12,-8.2,OFF,ON,ON
26-05-2024 14:41,-9.1,OFF,ON,ON
26-05-2024 15:10,-9.8,OFF,ON,ON
26-05-2024 15:39,-10.9,OFF,ON,ON
26-05-2024 16:08,-9.2,OFF,ON,ON
26-05-2024 16:37,-8.4,OFF,ON,ON
26-05-2024 16:43,-8.8,ON,OFF,OFF
26-05-2024 17:03,1.1,OFF,OFF,OFF
26-05-2024 17:32,-6.9,OFF,ON,ON
26-05-2024 18:01,-8.9,OFF,ON,ON
26-05-2024 18:30,-9.6,OFF,ON,ON
26-05-2024 18:59,-10,OFF,ON,ON
26-05-2024 19:28,-10.6,OFF,ON,ON
26-05-2024 19:43,-10.8,ON,OFF,OFF
26-05-2024 20:12,5.2,OFF,ON,OFF
26-05-2024 20:41,-9.9,OFF,ON,ON
26-05-2024 21:10,-10.7,OFF,ON,ON
26-05-2024 21:39,-11.3,OFF,ON,ON
26-05-2024 22:08,-11.7,OFF,ON,ON
26-05-2024 22:37,-12.1,OFF,ON,ON
26-05-2024 23:03,12,OFF,OFF,OFF
26-05-2024 23:32,-10.5,OFF,ON,ON
27-05-2024 00:01,-11.8,OFF,ON,ON
27-05-2024 00:30,-12.4,OFF,ON,ON
27-05-2024 00:59,-12.8,OFF,ON,ON
27-05-2024 01:28,-13.1,OFF,ON,ON
27-05-2024 01:43,-13.3,ON,OFF,OFF
27-05-2024 02:03,13.2,OFF,OFF,OFF
27-05-2024 02:32,-11.6,OFF,ON,ON
27-05-2024 03:01,-12.9,OFF,ON,ON
27-05-2024 06:24,-12.5,OFF,ON,ON
27-05-2024 06:53,-13.5,OFF,ON,ON
27-05-2024 07:22,-14,OFF,ON,ON
27-05-2024 07:42,-14.4,ON,OFF,OFF
27-05-2024 08:11,6.5,OFF,ON,OFF
27-05-2024 08:40,-13.4,OFF,ON,ON
27-05-2024 08:59,-14.4,OFF,ON,ON
27-05-2024 09:57,-13.6,OFF,ON,ON
27-05-2024 10:26,-14.2,OFF,ON,ON
27-05-2024 10:42,-14.5,ON,OFF,OFF
27-05-2024 11:11,5.1,OFF,ON,OFF
27-05-2024 11:40,-12,OFF,ON,ON
27-05-2024 14:02,13.7,OFF,OFF,OFF
27-05-2024 14:31,-8.4,OFF,ON,ON
27-05-2024 15:00,-10.6,OFF,ON,ON
27-05-2024 15:29,-11.9,OFF,ON,ON
27-05-2024 15:58,-10.2,OFF,ON,ON
27-05-2024 16:27,-10.8,OFF,ON,ON
27-05-2024 16:42,-10.1,ON,OFF,OFF
27-05-2024 17:11,6.5,OFF,ON,OFF
27-05-2024 17:40,-6.7,OFF,ON,ON
27-05-2024 18:09,-7.3,OFF,ON,ON
27-05-2024 18:38,-7.5,OFF,ON,ON
27-05-2024 19:07,-8.8,OFF,ON,ON
27-05-2024 19:36,-9.4,OFF,ON,ON
27-05-2024 19:42,-9.5,ON,OFF,OFF
27-05-2024 20:11,5.4,OFF,ON,OFF
27-05-2024 20:40,-9.2,OFF,ON,ON
27-05-2024 21:09,-10.2,OFF,ON,ON
27-05-2024 21:38,-10.9,OFF,ON,ON
27-05-2024 22:07,-11.4,OFF,ON,ON
27-05-2024 22:42,-12,ON,OFF,OFF
27-05-2024 23:02,12.3,OFF,OFF,OFF
27-05-2024 23:31,-10.2,OFF,ON,ON
28-05-2024 00:00,-11.6,OFF,ON,ON
28-05-2024 00:29,-11.9,OFF,ON,ON
28-05-2024 00:59,-12.8,OFF,ON,ON
28-05-2024 02:04,1.4,OFF,OFF,OFF
28-05-2024 02:33,-11.4,OFF,ON,ON
28-05-2024 03:02,-12.3,OFF,ON,ON
28-05-2024 03:31,-12.8,OFF,ON,ON
28-05-2024 04:00,-13,OFF,ON,ON
28-05-2024 04:29,-12.4,OFF,ON,ON
28-05-2024 04:58,-12.4,OFF,ON,ON
28-05-2024 05:04,-12.4,ON,OFF,OFF
28-05-2024 05:24,9.2,OFF,OFF,OFF
28-05-2024 05:53,-10.2,OFF,ON,ON
28-05-2024 06:51,-13.1,OFF,ON,ON
28-05-2024 07:20,-13.5,OFF,ON,ON
28-05-2024 07:49,-14.1,OFF,ON,ON
28-05-2024 08:03,-14.4,ON,OFF,OFF
28-05-2024 08:32,5.5,OFF,ON,OFF
28-05-2024 09:01,-11,OFF,ON,ON
28-05-2024 09:30,-12.9,OFF,ON,ON
28-05-2024 13:48,-8.9,OFF,ON,ON
28-05-2024 14:03,-10.1,ON,OFF,OFF
28-05-2024 14:23,12.8,OFF,OFF,OFF
28-05-2024 14:52,-9.1,OFF,ON,ON
28-05-2024 15:21,-10.5,OFF,ON,ON
28-05-2024 15:50,-11.5,OFF,ON,ON
28-05-2024 16:19,-12.3,OFF,ON,ON
28-05-2024 16:48,-13.1,OFF,ON,ON
28-05-2024 17:17,-0.3,ON,OFF,OFF
28-05-2024 17:23,12.5,OFF,OFF,OFF
28-05-2024 17:52,-9.7,OFF,ON,ON
28-05-2024 18:21,-11.6,OFF,ON,ON
28-05-2024 18:50,-11.5,OFF,ON,ON
28-05-2024 19:19,-12.4,OFF,ON,ON
28-05-2024 19:48,-12.9,OFF,ON,ON
28-05-2024 20:03,-13.1,ON,OFF,OFF
28-05-2024 20:32,5.5,OFF,ON,OFF
28-05-2024 22:28,-13.7,OFF,ON,ON
28-05-2024 22:57,-14.2,OFF,ON,ON
28-05-2024 23:03,-14.2,ON,OFF,OFF
28-05-2024 23:23,13.5,OFF,OFF,OFF
28-05-2024 23:52,-12.3,OFF,ON,ON
29-05-2024 00:21,-13.6,OFF,ON,ON
29-05-2024 00:50,-14.1,OFF,ON,ON
29-05-2024 01:19,-14.5,OFF,ON,ON
29-05-2024 01:48,-14.8,OFF,ON,ON
29-05-2024 02:03,-14.9,ON,OFF,OFF
29-05-2024 02:32,5.2,OFF,ON,OFF
29-05-2024 03:01,-13.6,OFF,ON,ON
29-05-2024 03:30,-14.6,OFF,ON,ON
29-05-2024 03:59,-14.9,OFF,ON,ON
29-05-2024 04:28,-15.2,OFF,ON,ON
29-05-2024 04:57,-15.6,OFF,ON,ON
29-05-2024 05:26,14.5,OFF,OFF,OFF
29-05-2024 05:55,-13.4,OFF,ON,ON
29-05-2024 06:24,-13.3,OFF,ON,ON
29-05-2024 06:53,-14.3,OFF,ON,ON
29-05-2024 07:22,-14.9,OFF,ON,ON
29-05-2024 07:51,-15.3,OFF,ON,ON
29-05-2024 08:02,-15.5,ON,OFF,OFF
29-05-2024 08:31,4.2,OFF,ON,OFF
29-05-2024 09:29,-13.4,OFF,ON,ON
29-05-2024 09:58,-13.3,OFF,ON,ON
29-05-2024 10:27,-14.3,OFF,ON,ON
29-05-2024 10:56,-14.8,OFF,ON,ON
29-05-2024 11:07,-9.6,ON,OFF,OFF
29-05-2024 11:22,11.4,OFF,OFF,OFF
29-05-2024 11:51,-12.8,OFF,ON,ON
29-05-2024 12:20,-14.4,OFF,ON,ON
29-05-2024 12:49,-15.1,OFF,ON,ON
29-05-2024 13:18,-15.4,OFF,ON,ON
29-05-2024 13:47,-13.8,OFF,ON,ON
29-05-2024 14:02,-11.8,ON,OFF,OFF
29-05-2024 14:31,6.5,OFF,ON,OFF
29-05-2024 15:00,-11.7,OFF,ON,ON
29-05-2024 15:29,-13.5,OFF,ON,ON
29-05-2024 15:58,-14.2,OFF,ON,ON
29-05-2024 16:27,-14.8,OFF,ON,ON
29-05-2024 16:56,-15.1,OFF,ON,ON
29-05-2024 17:02,-15.2,ON,OFF,OFF
29-05-2024 17:31,4.7,OFF,ON,OFF
29-05-2024 18:00,-12.2,OFF,ON,ON
29-05-2024 18:29,-13.5,OFF,ON,ON
29-05-2024 18:58,-12.5,OFF,ON,ON
29-05-2024 19:27,-13.3,OFF,ON,ON
29-05-2024 19:56,-11.8,OFF,ON,ON
29-05-2024 20:02,-10.7,ON,OFF,OFF
29-05-2024 20:22,14.3,OFF,OFF,OFF
29-05-2024 20:51,-8.2,OFF,ON,ON
29-05-2024 21:20,-10.1,OFF,ON,ON
29-05-2024 21:49,-11.1,OFF,ON,ON
29-05-2024 22:18,-11.7,OFF,ON,ON
29-05-2024 22:47,-12.3,OFF,ON,ON
29-05-2024 23:01,-12.5,ON,OFF,OFF
29-05-2024 23:21,12.1,OFF,OFF,OFF
29-05-2024 23:50,-10.4,OFF,ON,ON
30-05-2024 00:19,-12.2,OFF,ON,ON
30-05-2024 00:48,-12.9,OFF,ON,ON
30-05-2024 01:17,-13.5,OFF,ON,ON
30-05-2024 01:46,-13.9,OFF,ON,ON
30-05-2024 02:01,-14.1,ON,OFF,OFF
30-05-2024 02:21,13.7,OFF,OFF,OFF
30-05-2024 02:50,-11.7,OFF,ON,ON
30-05-2024 03:19,-13.6,OFF,ON,ON
30-05-2024 03:48,-14.2,OFF,ON,ON
30-05-2024 04:17,-14.8,OFF,ON,ON
30-05-2024 04:46,-7.7,OFF,ON,ON
30-05-2024 05:15,3,ON,OFF,OFF
30-05-2024 05:21,14.3,OFF,OFF,OFF
30-05-2024 05:50,-10.1,OFF,ON,ON
30-05-2024 06:19,-11.7,OFF,ON,ON
30-05-2024 06:48,-12.6,OFF,ON,ON
30-05-2024 07:17,-11.3,OFF,ON,ON
30-05-2024 07:46,-12.6,OFF,ON,ON
30-05-2024 08:01,-13,ON,OFF,OFF
30-05-2024 08:30,3.7,OFF,ON,OFF
30-05-2024 08:59,-11.5,OFF,ON,ON
30-05-2024 09:28,-12.8,OFF,ON,ON
30-05-2024 09:57,-11.2,OFF,ON,ON
30-05-2024 10:26,-13.1,OFF,ON,ON
30-05-2024 11:01,-10.5,ON,OFF,OFF
30-05-2024 11:21,11,OFF,OFF,OFF
30-05-2024 12:21,-11.3,OFF,ON,ON
30-05-2024 13:21,-11.4,OFF,ON,ON
30-05-2024 13:50,-10.4,OFF,ON,ON
30-05-2024 14:01,-9.9,ON,OFF,OFF
30-05-2024 14:21,13.7,OFF,OFF,OFF
30-05-2024 14:50,-8.6,OFF,ON,ON
30-05-2024 15:19,-10.2,OFF,ON,ON
30-05-2024 15:48,-10.4,OFF,ON,ON
30-05-2024 16:17,-10.9,OFF,ON,ON
30-05-2024 16:46,-11.7,OFF,ON,ON
30-05-2024 17:00,-11.7,ON,OFF,OFF
30-05-2024 17:29,7.5,OFF,ON,OFF
30-05-2024 17:58,-9.4,OFF,ON,ON
30-05-2024 18:27,-10.9,OFF,ON,ON
30-05-2024 18:56,-11.8,OFF,ON,ON
30-05-2024 19:25,-11,OFF,ON,ON
30-05-2024 19:54,-12,OFF,ON,ON
30-05-2024 20:00,-12.1,ON,OFF,OFF
30-05-2024 20:20,12.4,OFF,OFF,OFF
30-05-2024 20:49,-10,OFF,ON,ON
30-05-2024 21:18,-11.9,OFF,ON,ON
30-05-2024 21:47,-12.9,OFF,ON,ON
30-05-2024 22:16,-13.4,OFF,ON,ON
30-05-2024 22:45,-13.9,OFF,ON,ON
30-05-2024 23:00,-14,ON,OFF,OFF
30-05-2024 23:29,5.4,OFF,ON,OFF
30-05-2024 23:58,-12.4,OFF,ON,ON
31-05-2024 00:27,-13.5,OFF,ON,ON
31-05-2024 00:56,-14.1,OFF,ON,ON
31-05-2024 01:25,-14.4,OFF,ON,ON
31-05-2024 01:54,-14.7,OFF,ON,ON
31-05-2024 02:20,14.1,OFF,OFF,OFF
31-05-2024 02:30,2.3,OFF,ON,ON
31-05-2024 02:59,-13.1,OFF,ON,ON
31-05-2024 03:28,-14.3,OFF,ON,ON
31-05-2024 03:57,-14.9,OFF,ON,ON
31-05-2024 04:26,-15,OFF,ON,ON
31-05-2024 04:55,-14.9,OFF,ON,ON
31-05-2024 05:00,-15,ON,OFF,OFF
31-05-2024 05:29,5.8,OFF,ON,OFF
31-05-2024 05:58,-13.2,OFF,ON,ON
31-05-2024 06:27,-14.6,OFF,ON,ON
31-05-2024 06:56,-15.2,OFF,ON,ON
31-05-2024 07:25,-14.1,OFF,ON,ON
31-05-2024 07:54,-14.9,OFF,ON,ON
31-05-2024 08:00,-15,ON,OFF,OFF
31-05-2024 08:29,4.4,OFF,ON,OFF
31-05-2024 08:58,-14,OFF,ON,ON
31-05-2024 09:27,-14.9,OFF,ON,ON
31-05-2024 09:56,-15.5,OFF,ON,ON
31-05-2024 10:25,-11.9,OFF,ON,ON
31-05-2024 10:54,-13.7,OFF,ON,ON
31-05-2024 11:19,10.7,OFF,OFF,OFF
31-05-2024 11:48,-11,OFF,ON,ON
31-05-2024 12:00,-11.8,OFF,ON,ON
31-05-2024 12:29,-13.8,OFF,ON,ON
31-05-2024 12:58,-11.9,OFF,ON,ON
31-05-2024 13:27,-13.4,OFF,ON,ON
31-05-2024 13:56,-12.8,OFF,ON,ON
31-05-2024 14:25,-11.8,OFF,ON,ON
31-05-2024 14:54,-12.6,OFF,ON,ON
31-05-2024 14:58,-11.5,ON,OFF,OFF
31-05-2024 15:27,5.7,OFF,ON,OFF
31-05-2024 15:56,-11,OFF,ON,ON
31-05-2024 16:25,-12.3,OFF,ON,ON
31-05-2024 16:54,-13.2,OFF,ON,ON
31-05-2024 17:23,-13.7,OFF,ON,ON
31-05-2024 19:55,3.2,OFF,OFF,OFF
31-05-2024 19:56,3.2,OFF,ON,ON
31-05-2024 20:25,-6.1,OFF,ON,ON
31-05-2024 20:54,-7.8,OFF,ON,ON
31-05-2024 21:23,-8.7,OFF,ON,ON
31-05-2024 21:52,-9.3,OFF,ON,ON
31-05-2024 22:21,-9.9,OFF,ON,ON
31-05-2024 22:50,-10.4,OFF,ON,ON
31-05-2024 22:55,-10.5,ON,OFF,OFF
31-05-2024 23:15,3,OFF,OFF,OFF
31-05-2024 23:44,-9.5,OFF,ON,ON
01-06-2024 00:13,-10.6,OFF,ON,ON
01-06-2024 00:42,-11.4,OFF,ON,ON
01-06-2024 01:11,-11.8,OFF,ON,ON
01-06-2024 01:40,-12.2,OFF,ON,ON
01-06-2024 01:55,-12.5,ON,OFF,OFF
01-06-2024 02:15,12.8,OFF,OFF,OFF
01-06-2024 02:44,-10.7,OFF,ON,ON
01-06-2024 03:13,-12.3,OFF,ON,ON
01-06-2024 03:42,-13,OFF,ON,ON
01-06-2024 04:11,-13.2,OFF,ON,ON
01-06-2024 04:40,-14,OFF,ON,ON
01-06-2024 04:55,-14.2,ON,OFF,OFF
01-06-2024 05:15,12.9,OFF,OFF,OFF
01-06-2024 05:44,-11.7,OFF,ON,ON
01-06-2024 06:13,-13.6,OFF,ON,ON
01-06-2024 06:42,-12,OFF,ON,ON
01-06-2024 07:11,-13.8,OFF,ON,ON
01-06-2024 07:40,-14.4,OFF,ON,ON
01-06-2024 08:09,1.7,ON,OFF,OFF
01-06-2024 08:15,12,OFF,OFF,OFF
01-06-2024 08:44,-11.8,OFF,ON,ON
01-06-2024 09:13,-14.2,OFF,ON,ON
01-06-2024 09:42,-15.2,OFF,ON,ON
01-06-2024 10:11,-15.7,OFF,ON,ON
01-06-2024 10:40,-16.1,OFF,ON,ON
01-06-2024 11:15,11.7,OFF,OFF,OFF
01-06-2024 11:44,-13.3,OFF,ON,ON
01-06-2024 12:13,-12.1,OFF,ON,ON
01-06-2024 12:42,-12.8,OFF,ON,ON
01-06-2024 13:11,-7.5,OFF,OFF,OFF
01-06-2024 13:40,-12.6,OFF,ON,ON
01-06-2024 14:09,-13.7,OFF,ON,ON
01-06-2024 14:38,-13.7,OFF,ON,ON
01-06-2024 15:07,-14,OFF,ON,ON
01-06-2024 15:36,-14.5,OFF,ON,ON
01-06-2024 16:05,-14.8,OFF,ON,ON
01-06-2024 16:31,7.5,OFF,OFF,OFF
01-06-2024 17:00,-8.3,OFF,ON,ON
01-06-2024 17:29,-10.6,OFF,ON,ON
01-06-2024 17:58,-12,OFF,ON,ON
01-06-2024 18:23,-12.9,OFF,ON,ON
01-06-2024 18:52,-11.2,OFF,ON,ON
01-06-2024 19:21,-0.1,ON,OFF,OFF
01-06-2024 19:31,14.2,OFF,OFF,OFF
01-06-2024 20:00,-9.6,OFF,ON,ON
01-06-2024 20:29,-11.6,OFF,ON,ON
01-06-2024 20:58,-12.5,OFF,ON,ON
01-06-2024 21:27,-13.3,OFF,ON,ON
01-06-2024 21:56,-13.8,OFF,ON,ON
01-06-2024 22:25,0.8,ON,OFF,OFF
01-06-2024 22:31,12.2,OFF,OFF,OFF
01-06-2024 22:58,-11.3,OFF,OFF,OFF
01-06-2024 23:27,-13.2,OFF,ON,ON
01-06-2024 23:56,-13.9,OFF,ON,ON
02-06-2024 00:25,-14.4,OFF,ON,ON
02-06-2024 00:54,-14.5,OFF,ON,ON
02-06-2024 01:23,-14.9,OFF,ON,ON
02-06-2024 01:52,-15.2,OFF,ON,ON
02-06-2024 01:58,-15.2,ON,OFF,OFF
02-06-2024 02:18,10.9,OFF,OFF,OFF
02-06-2024 02:43,-12.8,OFF,ON,ON
02-06-2024 03:12,-14.6,OFF,ON,ON
02-06-2024 03:41,-15.2,OFF,ON,ON
02-06-2024 04:10,-15.6,OFF,ON,ON
02-06-2024 04:39,-14.5,OFF,ON,ON
02-06-2024 05:08,-2.2,ON,OFF,OFF
02-06-2024 05:17,12.1,OFF,OFF,OFF
02-06-2024 05:46,-13.1,OFF,ON,ON
02-06-2024 06:15,-14.7,OFF,ON,ON
02-06-2024 06:44,-15.4,OFF,ON,ON
02-06-2024 07:13,-14.9,OFF,ON,ON
02-06-2024 07:42,-16.2,OFF,ON,ON
02-06-2024 08:11,-0.2,ON,OFF,OFF
02-06-2024 08:40,-12.6,OFF,ON,ON
02-06-2024 09:09,-15.1,OFF,ON,ON
02-06-2024 12:57,-13.6,OFF,ON,ON
02-06-2024 14:28,-4.4,OFF,ON,ON
02-06-2024 14:57,-13.6,OFF,ON,ON
02-06-2024 15:15,-14.3,OFF,ON,ON
02-06-2024 15:44,-15,OFF,ON,ON
02-06-2024 16:13,-15.5,OFF,ON,ON
02-06-2024 16:42,-15.9,OFF,ON,ON
02-06-2024 17:27,6.1,OFF,ON,OFF
02-06-2024 17:56,-11.3,OFF,ON,ON
02-06-2024 18:25,-13.6,OFF,ON,ON
02-06-2024 18:54,-13.2,OFF,ON,ON
02-06-2024 19:23,-10.9,OFF,ON,ON
02-06-2024 19:52,-12.2,OFF,ON,ON
02-06-2024 19:58,-11.4,ON,OFF,OFF
02-06-2024 20:27,7.3,OFF,ON,OFF
02-06-2024 20:28,3.6,OFF,ON,ON
02-06-2024 20:57,-8.6,OFF,ON,ON
02-06-2024 21:26,-9.9,OFF,ON,ON
02-06-2024 21:55,-10.6,OFF,ON,ON
02-06-2024 22:24,-11.3,OFF,ON,ON
02-06-2024 22:53,-11.8,OFF,ON,ON
02-06-2024 22:57,-11.9,ON,OFF,OFF
02-06-2024 23:17,10.2,OFF,OFF,OFF
02-06-2024 23:46,-10.4,OFF,ON,ON
03-06-2024 00:15,-11.7,OFF,ON,ON
03-06-2024 00:44,-12.4,OFF,ON,ON
03-06-2024 01:13,-12.8,OFF,ON,ON
03-06-2024 01:42,-13.2,OFF,ON,ON
03-06-2024 02:11,-0.1,ON,OFF,OFF
03-06-2024 02:17,11.6,OFF,OFF,OFF
03-06-2024 02:46,-11.5,OFF,ON,ON
03-06-2024 03:15,-13,OFF,ON,ON
03-06-2024 03:44,-13.6,OFF,ON,ON
03-06-2024 04:13,-12.6,OFF,ON,ON
03-06-2024 04:43,-12.8,OFF,ON,ON
03-06-2024 05:12,3.5,ON,OFF,OFF
03-06-2024 05:41,-11.6,OFF,ON,ON
03-06-2024 06:10,-13.8,OFF,ON,ON
03-06-2024 06:39,-12.9,OFF,ON,ON
03-06-2024 07:08,-13.5,OFF,ON,ON
03-06-2024 07:37,-14,OFF,ON,ON
03-06-2024 07:57,-14.3,ON,OFF,OFF
03-06-2024 08:17,9.7,OFF,OFF,OFF
03-06-2024 08:46,-12.3,OFF,ON,ON
03-06-2024 09:15,-13.9,OFF,ON,ON
03-06-2024 09:44,-14.8,OFF,ON,ON
03-06-2024 10:13,-11,OFF,ON,ON
03-06-2024 10:42,-12.1,OFF,ON,ON
03-06-2024 10:51,-3.9,OFF,OFF,OFF
03-06-2024 11:20,-12.6,OFF,ON,ON
03-06-2024 11:49,-12.8,OFF,ON,ON
03-06-2024 12:47,-11.9,OFF,ON,ON
03-06-2024 13:16,-13.2,OFF,ON,ON
03-06-2024 13:45,-13.9,OFF,ON,ON
03-06-2024 13:51,-14.1,ON,OFF,OFF
03-06-2024 14:11,4.3,OFF,OFF,OFF
03-06-2024 14:40,-11.7,OFF,ON,ON
03-06-2024 15:09,-12.6,OFF,ON,ON
03-06-2024 15:36,-8.9,OFF,OFF,OFF
03-06-2024 16:05,-11.3,OFF,ON,ON
03-06-2024 16:34,-7.9,OFF,ON,ON
03-06-2024 17:03,-8.4,OFF,ON,ON
03-06-2024 17:32,-3.4,OFF,OFF,OFF
03-06-2024 18:01,-10.6,OFF,ON,ON
03-06-2024 18:30,-11.4,OFF,ON,ON
03-06-2024 18:59,-12.6,OFF,ON,ON
03-06-2024 19:28,-12.2,OFF,ON,ON
03-06-2024 19:57,-12,OFF,ON,ON
03-06-2024 20:26,-12,OFF,ON,ON
03-06-2024 20:32,-12.1,ON,OFF,OFF
03-06-2024 21:01,1,OFF,ON,OFF
03-06-2024 21:20,-11.3,OFF,ON,ON
03-06-2024 21:49,-12.5,OFF,ON,ON
03-06-2024 22:18,-13,OFF,ON,ON
03-06-2024 22:47,-13.5,OFF,ON,ON
03-06-2024 23:16,-13.9,OFF,ON,ON
03-06-2024 23:45,0.1,ON,OFF,OFF
03-06-2024 23:52,12.9,OFF,OFF,OFF
04-06-2024 00:21,-11.9,OFF,ON,ON
04-06-2024 00:50,-13.4,OFF,ON,ON
04-06-2024 01:19,-14,OFF,ON,ON
04-06-2024 01:48,-14.4,OFF,ON,ON
04-06-2024 02:17,-14.7,OFF,ON,ON
04-06-2024 02:46,3.3,ON,OFF,OFF
04-06-2024 02:51,14,OFF,OFF,OFF
04-06-2024 03:20,-12.6,OFF,ON,ON
04-06-2024 03:49,-13.5,OFF,ON,ON
04-06-2024 04:18,-11,OFF,ON,ON
04-06-2024 04:47,-12.6,OFF,ON,ON
04-06-2024 05:16,-14,OFF,ON,ON
04-06-2024 05:45,0.7,ON,OFF,OFF
04-06-2024 06:14,-10.2,OFF,ON,ON
04-06-2024 06:43,-12.8,OFF,ON,ON
04-06-2024 07:12,-13.7,OFF,ON,ON
04-06-2024 07:41,-14.1,OFF,ON,ON
04-06-2024 08:10,-14.6,OFF,ON,ON
04-06-2024 08:31,-13.9,ON,OFF,OFF
04-06-2024 09:00,5.5,OFF,ON,OFF
04-06-2024 09:06,-6,OFF,OFF,OFF
04-06-2024 10:04,-12.5,OFF,ON,ON
04-06-2024 10:15,-13,OFF,ON,ON
04-06-2024 11:13,-13.7,OFF,ON,ON
04-06-2024 11:42,-14.4,OFF,ON,ON
04-06-2024 12:11,-8.5,ON,OFF,OFF
04-06-2024 13:22,-12.5,OFF,ON,ON
04-06-2024 13:51,-11,OFF,ON,ON
04-06-2024 14:20,-12.2,OFF,ON,ON
04-06-2024 14:49,-10.9,OFF,ON,ON
04-06-2024 15:16,-5.7,OFF,OFF,OFF
04-06-2024 15:45,-13.7,OFF,ON,ON
04-06-2024 16:14,-13.1,OFF,ON,ON
04-06-2024 16:43,-13.8,OFF,ON,ON
04-06-2024 17:12,-11,OFF,ON,ON
04-06-2024 17:41,-8.1,OFF,ON,ON
04-06-2024 18:10,-11.8,OFF,ON,ON
04-06-2024 18:39,10.7,OFF,OFF,OFF
04-06-2024 18:45,2.8,OFF,ON,ON
04-06-2024 19:14,-10.2,OFF,ON,ON
04-06-2024 19:43,-11.7,OFF,ON,ON
04-06-2024 20:12,-12.8,OFF,ON,ON
04-06-2024 20:21,-13,OFF,ON,ON
04-06-2024 20:50,-13.6,OFF,ON,ON
04-06-2024 21:19,-11.9,ON,OFF,OFF
04-06-2024 21:35,12.6,OFF,OFF,OFF
04-06-2024 22:04,-11.7,OFF,ON,ON
04-06-2024 22:33,-13.4,OFF,ON,ON
04-06-2024 23:02,-14.1,OFF,ON,ON
04-06-2024 23:31,-14.3,OFF,ON,ON
05-06-2024 00:00,-14.4,OFF,ON,ON
05-06-2024 00:29,1.3,ON,OFF,OFF
05-06-2024 00:58,-11.4,OFF,ON,ON
05-06-2024 01:27,-13.6,OFF,ON,ON
05-06-2024 01:56,-14.2,OFF,ON,ON
05-06-2024 02:25,-14.7,OFF,ON,ON
05-06-2024 02:54,-15,OFF,ON,ON
05-06-2024 03:15,-15.1,ON,OFF,OFF
05-06-2024 03:44,6.4,OFF,ON,OFF
05-06-2024 04:13,-13.6,OFF,ON,ON
05-06-2024 04:42,-14,OFF,ON,ON
05-06-2024 05:11,-14.6,OFF,ON,ON
05-06-2024 05:40,-15.2,OFF,ON,ON
05-06-2024 06:09,-15.4,OFF,ON,ON
05-06-2024 06:15,-15.6,ON,OFF,OFF
05-06-2024 06:35,12.7,OFF,OFF,OFF
05-06-2024 06:45,2.1,OFF,ON,ON
05-06-2024 07:14,-14.1,OFF,ON,ON
05-06-2024 07:43,-15.5,OFF,ON,ON
05-06-2024 08:12,-13,OFF,ON,ON
05-06-2024 08:41,-13.8,OFF,ON,ON
05-06-2024 09:10,-14.6,OFF,ON,ON
05-06-2024 09:15,-14.8,ON,OFF,OFF
05-06-2024 09:44,4.3,OFF,ON,OFF
05-06-2024 10:44,-11.3,OFF,ON,ON
05-06-2024 11:13,-10.4,OFF,ON,ON
05-06-2024 11:42,-12.1,OFF,ON,ON
05-06-2024 12:15,-10.7,ON,OFF,OFF
05-06-2024 12:44,4.4,OFF,ON,OFF
05-06-2024 15:56,-10.9,OFF,ON,ON
05-06-2024 16:22,9.9,OFF,OFF,OFF
05-06-2024 16:51,-11,OFF,ON,ON
05-06-2024 17:20,-12,OFF,ON,ON
05-06-2024 17:49,-11.1,OFF,ON,ON
05-06-2024 18:18,-11.9,OFF,ON,ON
05-06-2024 18:47,-11.4,OFF,ON,ON
05-06-2024 19:02,-11.9,ON,OFF,OFF
05-06-2024 19:31,4.9,OFF,ON,OFF
05-06-2024 20:00,-11.4,OFF,ON,ON
05-06-2024 20:29,-12.5,OFF,ON,ON
05-06-2024 20:58,-13.1,OFF,ON,ON
05-06-2024 21:27,-13.5,OFF,ON,ON
05-06-2024 21:56,-13.7,OFF,ON,ON
05-06-2024 22:02,-13.7,ON,OFF,OFF
05-06-2024 22:32,2.1,OFF,ON,ON
05-06-2024 23:01,-12.8,OFF,ON,ON
05-06-2024 23:30,-13.7,OFF,ON,ON
05-06-2024 23:59,-14.2,OFF,ON,ON
06-06-2024 00:28,-14.5,OFF,ON,ON
06-06-2024 00:57,-14.8,OFF,ON,ON
06-06-2024 01:26,14.7,OFF,OFF,OFF
06-06-2024 01:55,-13.1,OFF,ON,ON
06-06-2024 02:24,-14.3,OFF,ON,ON
06-06-2024 02:53,-14.9,OFF,ON,ON
06-06-2024 03:22,-15.1,OFF,ON,ON
06-06-2024 03:51,-14.6,OFF,ON,ON
06-06-2024 04:02,-14.1,ON,OFF,OFF
06-06-2024 04:31,5.1,OFF,ON,OFF
06-06-2024 05:01,-12.8,OFF,ON,ON
06-06-2024 05:30,-14,OFF,ON,ON
06-06-2024 05:59,-14.5,OFF,ON,ON
06-06-2024 06:28,-10.4,OFF,ON,ON
06-06-2024 10:50,-11.9,OFF,ON,ON
06-06-2024 11:14,-4.8,OFF,OFF,OFF
06-06-2024 11:15,-4.9,OFF,ON,ON
06-06-2024 11:44,-12.8,OFF,ON,ON
06-06-2024 12:13,-13.3,OFF,ON,ON
06-06-2024 12:42,-12.5,OFF,ON,ON
06-06-2024 13:11,-11.3,OFF,ON,ON
06-06-2024 13:40,-12.5,OFF,ON,ON
06-06-2024 14:09,-13,OFF,ON,ON
06-06-2024 14:14,-13,ON,OFF,OFF
06-06-2024 14:34,8.7,OFF,OFF,OFF
06-06-2024 15:03,-10.2,OFF,ON,ON
06-06-2024 15:32,-13.9,OFF,ON,ON
06-06-2024 16:01,-13.4,OFF,ON,ON
06-06-2024 16:30,-14.2,OFF,ON,ON
06-06-2024 16:59,-12,OFF,ON,ON
06-06-2024 17:13,-12.5,ON,OFF,OFF
06-06-2024 17:42,7.5,OFF,ON,OFF
06-06-2024 17:43,3.7,OFF,ON,ON
06-06-2024 18:12,-9.8,OFF,ON,ON
06-06-2024 18:41,-11.4,OFF,ON,ON
06-06-2024 19:10,-12.4,OFF,ON,ON
06-06-2024 19:39,-12.8,OFF,ON,ON
06-06-2024 20:08,-13.2,OFF,ON,ON
06-06-2024 20:13,-13.2,ON,OFF,OFF
06-06-2024 20:33,13.4,OFF,OFF,OFF
06-06-2024 20:43,3.2,OFF,ON,ON
07-06-2024 09:41,-15.1,OFF,ON,ON
07-06-2024 10:00,-15.5,OFF,ON,ON
07-06-2024 11:00,-16,OFF,ON,ON
07-06-2024 12:12,-11.8,OFF,ON,ON
07-06-2024 13:12,-11,OFF,ON,ON
07-06-2024 14:12,-10,OFF,ON,ON
07-06-2024 14:42,3.1,OFF,ON,ON
07-06-2024 15:42,-13.3,OFF,ON,ON
07-06-2024 16:11,-11.7,OFF,ON,ON
07-06-2024 16:40,-11.9,OFF,ON,ON
07-06-2024 17:09,-12.6,OFF,ON,ON
07-06-2024 17:32,10.4,OFF,OFF,OFF
07-06-2024 18:01,-11.1,OFF,ON,ON
07-06-2024 18:59,-12.5,OFF,ON,ON
07-06-2024 19:28,-11.7,OFF,ON,ON
07-06-2024 19:55,-11.4,OFF,ON,ON
07-06-2024 20:12,-11.1,ON,OFF,OFF
07-06-2024 20:41,6.7,OFF,ON,OFF
07-06-2024 21:10,-10.2,OFF,ON,ON
07-06-2024 21:39,-11.4,OFF,ON,ON
07-06-2024 22:08,-12.1,OFF,ON,ON
07-06-2024 22:37,-12.6,OFF,ON,ON
07-06-2024 23:06,-13,OFF,ON,ON
07-06-2024 23:12,-13,ON,OFF,OFF
07-06-2024 23:41,4.8,OFF,ON,OFF
07-06-2024 23:42,2,OFF,ON,ON
08-06-2024 00:11,-11.9,OFF,ON,ON
08-06-2024 00:40,-12.9,OFF,ON,ON
08-06-2024 01:09,-13.6,OFF,ON,ON
08-06-2024 01:38,-14.1,OFF,ON,ON
08-06-2024 02:07,-14.5,OFF,ON,ON
08-06-2024 02:12,-14.5,ON,OFF,OFF
08-06-2024 02:31,11.6,OFF,OFF,OFF
08-06-2024 03:00,-12.6,OFF,ON,ON
08-06-2024 03:29,-14.1,OFF,ON,ON
08-06-2024 03:58,-14.8,OFF,ON,ON
08-06-2024 04:27,-15,OFF,ON,ON
08-06-2024 04:56,-15.4,OFF,ON,ON
08-06-2024 05:25,1.9,ON,OFF,OFF
08-06-2024 05:31,13.5,OFF,OFF,OFF
08-06-2024 06:00,-12.6,OFF,ON,ON
08-06-2024 06:29,-9.7,OFF,ON,ON
08-06-2024 06:58,-11.3,OFF,ON,ON
08-06-2024 07:27,-12.3,OFF,ON,ON
08-06-2024 07:56,-12.9,OFF,ON,ON
08-06-2024 08:25,0,ON,OFF,OFF
08-06-2024 08:31,9.4,OFF,OFF,OFF
08-06-2024 09:00,-11.4,OFF,ON,ON
08-06-2024 09:29,-13.2,OFF,ON,ON
08-06-2024 09:58,-13.9,OFF,ON,ON
08-06-2024 10:27,-13.3,OFF,ON,ON
08-06-2024 10:56,-13.8,OFF,ON,ON
08-06-2024 11:11,-12.8,ON,OFF,OFF
08-06-2024 11:31,10.8,OFF,OFF,OFF
08-06-2024 13:01,-5.1,OFF,OFF,OFF
08-06-2024 13:30,-13.1,OFF,ON,ON
08-06-2024 13:59,-13.2,OFF,ON,ON
08-06-2024 14:28,-13.9,OFF,ON,ON
08-06-2024 14:57,-14.1,OFF,ON,ON
08-06-2024 15:26,-10.9,OFF,ON,ON
08-06-2024 15:55,-10.9,OFF,ON,ON
08-06-2024 16:01,-11,ON,OFF,OFF
08-06-2024 16:21,9.6,OFF,OFF,OFF
08-06-2024 16:50,-9.6,OFF,ON,ON
08-06-2024 17:19,-8.4,OFF,ON,ON
08-06-2024 17:48,-9.8,OFF,ON,ON
08-06-2024 18:17,-9.9,OFF,ON,ON
08-06-2024 19:17,-3.9,OFF,OFF,OFF
08-06-2024 19:46,-10.1,OFF,ON,ON
08-06-2024 20:15,-10.7,OFF,ON,ON
08-06-2024 20:44,-11.3,OFF,ON,ON
08-06-2024 21:13,-11.6,OFF,ON,ON
08-06-2024 21:42,-11.9,OFF,ON,ON
08-06-2024 22:11,-12.2,OFF,ON,ON
08-06-2024 22:37,2.8,OFF,OFF,OFF
08-06-2024 22:47,-0.1,OFF,ON,ON
08-06-2024 23:16,-11.6,OFF,ON,ON
08-06-2024 23:45,-12.5,OFF,ON,ON
09-06-2024 00:14,-12.9,OFF,ON,ON
09-06-2024 00:43,-13.1,OFF,ON,ON
09-06-2024 01:12,-13.5,OFF,ON,ON
09-06-2024 01:41,15.4,OFF,OFF,OFF
09-06-2024 02:10,-11.9,OFF,ON,ON
09-06-2024 02:39,-13,OFF,ON,ON
09-06-2024 03:08,-13.5,OFF,ON,ON
09-06-2024 03:37,-13.9,OFF,ON,ON
09-06-2024 04:06,-14.2,OFF,ON,ON
09-06-2024 04:17,-14.3,ON,OFF,OFF
09-06-2024 04:37,14.4,OFF,OFF,OFF
09-06-2024 05:06,-12.2,OFF,ON,ON
09-06-2024 05:35,-14,OFF,ON,ON
09-06-2024 06:04,-14.3,OFF,ON,ON
09-06-2024 06:33,-10.2,OFF,ON,ON
09-06-2024 07:02,-12.2,OFF,ON,ON
09-06-2024 07:46,4.9,OFF,ON,OFF
09-06-2024 08:15,-11.8,OFF,ON,ON
09-06-2024 08:44,-13.1,OFF,ON,ON
09-06-2024 09:13,-13.6,OFF,ON,ON
09-06-2024 09:42,-14,OFF,ON,ON
09-06-2024 10:11,-13.8,OFF,ON,ON
09-06-2024 10:16,-14,ON,OFF,OFF
09-06-2024 10:36,11.9,OFF,OFF,OFF
09-06-2024 10:46,1.3,OFF,ON,ON
09-06-2024 11:15,-12.8,OFF,ON,ON
09-06-2024 11:44,-13.4,OFF,ON,ON
09-06-2024 12:42,-14.7,OFF,ON,ON
09-06-2024 13:11,-14.6,OFF,ON,ON
09-06-2024 13:16,-13.9,ON,OFF,OFF
09-06-2024 13:45,5.9,OFF,ON,OFF
09-06-2024 14:14,-10.7,OFF,ON,ON
09-06-2024 14:45,-12.8,OFF,ON,ON
09-06-2024 15:14,-13.5,OFF,ON,ON
09-06-2024 15:43,-13.2,OFF,ON,ON
09-06-2024 16:12,-14,OFF,ON,ON
09-06-2024 16:41,12.7,OFF,OFF,OFF
09-06-2024 17:10,-11.7,OFF,ON,ON
09-06-2024 17:39,-11.9,OFF,ON,ON
09-06-2024 18:08,-9.5,OFF,ON,ON
09-06-2024 18:37,-10.1,OFF,ON,ON
09-06-2024 19:06,-11.1,OFF,ON,ON
09-06-2024 19:16,-11.6,ON,OFF,OFF
09-06-2024 19:36,11.3,OFF,OFF,OFF
09-06-2024 20:05,-7.2,OFF,ON,ON
09-06-2024 20:10,-6.8,OFF,OFF,OFF
09-06-2024 20:39,-8.1,OFF,ON,ON
09-06-2024 21:08,-7.5,OFF,ON,ON
09-06-2024 21:37,-9.6,OFF,ON,ON
09-06-2024 22:06,-10.4,OFF,ON,ON
09-06-2024 22:35,-11.1,OFF,ON,ON
09-06-2024 23:04,-11.6,OFF,ON,ON
09-06-2024 23:10,-11.7,ON,OFF,OFF
09-06-2024 23:30,10.6,OFF,OFF,OFF
09-06-2024 23:59,-9.7,OFF,ON,ON
10-06-2024 00:28,-11.5,OFF,ON,ON
10-06-2024 00:57,-12.4,OFF,ON,ON
10-06-2024 01:26,-13.1,OFF,ON,ON
10-06-2024 01:55,-13.5,OFF,ON,ON
10-06-2024 02:10,-13.7,ON,OFF,OFF
10-06-2024 02:39,5.8,OFF,ON,OFF
10-06-2024 03:08,-12,OFF,ON,ON
10-06-2024 03:37,-13.4,OFF,ON,ON
10-06-2024 04:06,-14.1,OFF,ON,ON
10-06-2024 04:35,-14.5,OFF,ON,ON
10-06-2024 05:04,-14.9,OFF,ON,ON
10-06-2024 05:10,-14.9,ON,OFF,OFF
10-06-2024 05:39,5.1,OFF,ON,OFF
10-06-2024 06:08,-13.2,OFF,ON,ON
10-06-2024 06:37,-11.4,OFF,ON,ON
10-06-2024 07:06,-12.5,OFF,ON,ON
10-06-2024 08:05,-13.9,OFF,ON,ON
10-06-2024 08:10,-14.2,ON,OFF,OFF
10-06-2024 08:30,8.9,OFF,OFF,OFF
10-06-2024 08:59,-9.7,OFF,ON,ON
10-06-2024 09:28,-10.3,OFF,ON,ON
10-06-2024 10:12,-13.3,OFF,ON,ON
10-06-2024 10:41,-14,OFF,ON,ON
10-06-2024 11:10,-13.3,ON,OFF,OFF
10-06-2024 11:29,10.3,OFF,OFF,OFF
10-06-2024 11:58,-11.5,OFF,ON,ON
10-06-2024 12:27,-11.6,OFF,ON,ON
10-06-2024 12:58,-12.8,OFF,ON,ON
10-06-2024 13:27,-13.2,OFF,ON,ON
10-06-2024 13:56,-13.5,OFF,ON,ON
10-06-2024 14:09,-13.7,ON,OFF,OFF
10-06-2024 14:38,5,OFF,ON,OFF
10-06-2024 15:07,-8.9,OFF,ON,ON
10-06-2024 16:05,-10.7,OFF,ON,ON
10-06-2024 16:34,-11.2,OFF,ON,ON
10-06-2024 17:03,-11.8,OFF,ON,ON
10-06-2024 17:22,-1.4,OFF,OFF,OFF
10-06-2024 17:51,-12.1,OFF,ON,ON
11-06-2024 11:21,-15.8,ON,OFF,OFF
11-06-2024 11:50,5,OFF,ON,OFF
11-06-2024 12:19,-14.5,OFF,ON,ON
11-06-2024 12:48,-14,OFF,ON,ON
11-06-2024 13:17,-14.7,OFF,ON,ON
11-06-2024 13:46,-15,OFF,ON,ON
11-06-2024 14:15,-13.1,OFF,ON,ON
11-06-2024 14:44,14.7,OFF,OFF,OFF
11-06-2024 17:09,-11,OFF,ON,ON
11-06-2024 17:21,-11.7,ON,OFF,OFF
11-06-2024 17:41,12.3,OFF,OFF,OFF
11-06-2024 18:10,-9.1,OFF,ON,ON
11-06-2024 18:39,-11,OFF,ON,ON
11-06-2024 19:08,-11.4,OFF,ON,ON
11-06-2024 19:37,-11.4,OFF,ON,ON
11-06-2024 20:06,-12,OFF,ON,ON
11-06-2024 20:20,-12.6,ON,OFF,OFF
11-06-2024 20:40,11.1,OFF,OFF,OFF
11-06-2024 21:09,-10.8,OFF,ON,ON
11-06-2024 21:38,-12.5,OFF,ON,ON
11-06-2024 22:07,-13.2,OFF,ON,ON
11-06-2024 22:36,-13.7,OFF,ON,ON
11-06-2024 23:05,-14.2,OFF,ON,ON
11-06-2024 23:20,-12.9,ON,OFF,OFF
11-06-2024 23:40,12.8,OFF,OFF,OFF
12-06-2024 00:09,-11.7,OFF,ON,ON
12-06-2024 00:38,-10.4,OFF,ON,ON
12-06-2024 01:07,-12,OFF,ON,ON
12-06-2024 01:36,-13,OFF,ON,ON
12-06-2024 02:05,-12.8,OFF,ON,ON
12-06-2024 02:20,-13.6,ON,OFF,OFF
12-06-2024 02:49,5.7,OFF,ON,OFF
12-06-2024 03:18,-11.1,OFF,ON,ON
12-06-2024 03:47,-12.6,OFF,ON,ON
12-06-2024 04:16,-13.3,OFF,ON,ON
12-06-2024 04:45,-12.1,OFF,ON,ON
12-06-2024 05:14,-12.6,OFF,ON,ON
12-06-2024 05:40,12.6,OFF,OFF,OFF
12-06-2024 06:09,-10.9,OFF,ON,ON
12-06-2024 06:38,-12.8,OFF,ON,ON
12-06-2024 07:07,-13.6,OFF,ON,ON
12-06-2024 07:36,-14.1,OFF,ON,ON
12-06-2024 08:05,-12.2,OFF,ON,ON
12-06-2024 08:20,-11.4,ON,OFF,OFF
12-06-2024 08:40,11.9,OFF,OFF,OFF
12-06-2024 09:09,-11.6,OFF,ON,ON
12-06-2024 09:38,-13.8,OFF,ON,ON
12-06-2024 10:07,-14.1,OFF,ON,ON
12-06-2024 10:36,-14.8,OFF,ON,ON
12-06-2024 11:05,-15.1,OFF,ON,ON
12-06-2024 11:34,1.4,ON,OFF,OFF
12-06-2024 11:39,11.1,OFF,OFF,OFF
12-06-2024 12:08,-11,OFF,ON,ON
12-06-2024 12:37,-11.3,OFF,ON,ON
12-06-2024 13:06,-12.6,OFF,ON,ON
12-06-2024 13:35,-13.2,OFF,ON,ON
12-06-2024 14:04,-9,OFF,ON,ON
12-06-2024 14:19,-10.2,ON,OFF,OFF
12-06-2024 14:48,6.6,OFF,ON,OFF
12-06-2024 15:17,-9.5,OFF,ON,ON
12-06-2024 15:46,-10.7,OFF,ON,ON
12-06-2024 16:15,-10.1,OFF,ON,ON
12-06-2024 16:44,-9.2,OFF,ON,ON
12-06-2024 17:13,-10.4,OFF,ON,ON
12-06-2024 17:19,-10.4,ON,OFF,OFF
12-06-2024 17:39,11.5,OFF,OFF,OFF
12-06-2024 18:08,-9.7,OFF,ON,ON
12-06-2024 18:16,-6.1,OFF,OFF,OFF
12-06-2024 18:45,-8.3,OFF,ON,ON
12-06-2024 19:14,-10,OFF,ON,ON
12-06-2024 19:43,-11.1,OFF,ON,ON
12-06-2024 20:12,-11.9,OFF,ON,ON
12-06-2024 20:41,-12.4,OFF,ON,ON
12-06-2024 21:10,-12.5,OFF,ON,ON
12-06-2024 21:16,-12.6,ON,OFF,OFF
12-06-2024 21:45,8.6,OFF,ON,OFF
12-06-2024 22:14,-3.9,OFF,ON,ON
12-06-2024 22:43,-5.5,OFF,ON,ON
12-06-2024 23:12,-6.9,OFF,ON,ON
12-06-2024 23:41,-8.1,OFF,ON,ON
13-06-2024 00:10,-8.5,OFF,ON,ON
13-06-2024 00:16,-8.9,ON,OFF,OFF
13-06-2024 00:45,5.1,OFF,ON,OFF
13-06-2024 01:14,-9,OFF,ON,ON
13-06-2024 01:43,-9.9,OFF,ON,ON
13-06-2024 02:12,-10.4,OFF,ON,ON
13-06-2024 02:41,-10.9,OFF,ON,ON
13-06-2024 03:10,-10.1,OFF,ON,ON
13-06-2024 03:16,-10.3,ON,OFF,OFF
13-06-2024 03:45,5.9,OFF,ON,OFF
13-06-2024 04:14,-9.8,OFF,ON,ON
13-06-2024 04:43,-10.1,OFF,ON,ON
13-06-2024 05:12,-10.9,OFF,ON,ON
13-06-2024 05:41,-11.1,OFF,ON,ON
13-06-2024 06:10,-9.9,OFF,ON,ON
13-06-2024 06:15,-10.6,ON,OFF,OFF
13-06-2024 06:35,13.1,OFF,OFF,OFF
13-06-2024 07:04,-9,OFF,ON,ON
13-06-2024 07:33,-10.4,OFF,ON,ON
13-06-2024 08:02,-10,OFF,ON,ON
13-06-2024 08:31,-11.4,OFF,ON,ON
13-06-2024 09:00,-12,OFF,ON,ON
13-06-2024 09:15,-12.1,ON,OFF,OFF
13-06-2024 09:35,9.2,OFF,OFF,OFF
13-06-2024 10:04,-11,OFF,ON,ON
13-06-2024 10:33,-12.3,OFF,ON,ON
13-06-2024 11:42,-12.4,OFF,ON,ON
13-06-2024 12:11,-10.3,OFF,ON,ON
13-06-2024 12:15,-11.4,ON,OFF,OFF
13-06-2024 12:44,6.2,OFF,ON,OFF
13-06-2024 13:13,-8.7,OFF,ON,ON
13-06-2024 13:42,-9.6,OFF,ON,ON
13-06-2024 14:11,-10.5,OFF,ON,ON
13-06-2024 14:24,-10.9,OFF,OFF,OFF
13-06-2024 15:36,-1,OFF,OFF,OFF
13-06-2024 16:05,-9.7,OFF,ON,ON
13-06-2024 16:34,-9.3,OFF,ON,ON
13-06-2024 17:03,-8.8,OFF,ON,ON
13-06-2024 17:32,-9.8,OFF,ON,ON
13-06-2024 18:01,-8,OFF,ON,ON
13-06-2024 18:30,-9.4,OFF,ON,ON
13-06-2024 18:36,-9.6,ON,OFF,OFF
13-06-2024 18:56,2.2,OFF,OFF,OFF
13-06-2024 19:25,-9.3,OFF,ON,ON
13-06-2024 19:54,-10.3,OFF,ON,ON
13-06-2024 20:23,-11.4,OFF,ON,ON
13-06-2024 20:52,-10.3,OFF,ON,ON
13-06-2024 21:21,-11.3,OFF,ON,ON
13-06-2024 21:36,-11.6,ON,OFF,OFF
13-06-2024 21:56,11.2,OFF,OFF,OFF
13-06-2024 22:25,-10.2,OFF,ON,ON
13-06-2024 22:54,-11.6,OFF,ON,ON
13-06-2024 23:23,-12.3,OFF,ON,ON
13-06-2024 23:52,-12.8,OFF,ON,ON
14-06-2024 00:21,-13.1,OFF,ON,ON
14-06-2024 00:50,1.7,ON,OFF,OFF
14-06-2024 00:55,12.2,OFF,OFF,OFF
14-06-2024 01:24,-11.3,OFF,ON,ON
14-06-2024 01:53,-12.9,OFF,ON,ON
14-06-2024 02:22,-13.5,OFF,ON,ON
14-06-2024 02:51,-13.9,OFF,ON,ON
14-06-2024 03:20,-14.2,OFF,ON,ON
14-06-2024 03:35,-14.4,ON,OFF,OFF
14-06-2024 04:04,6.5,OFF,ON,OFF
14-06-2024 04:33,-13.1,OFF,ON,ON
14-06-2024 05:02,-13.4,OFF,ON,ON
14-06-2024 05:31,-12,OFF,ON,ON
14-06-2024 06:00,-13.3,OFF,ON,ON
14-06-2024 06:29,-13.6,OFF,ON,ON
14-06-2024 06:35,-13.7,ON,OFF,OFF
14-06-2024 06:55,12.1,OFF,OFF,OFF
14-06-2024 07:24,-11.5,OFF,ON,ON
14-06-2024 07:53,-12.6,OFF,ON,ON
14-06-2024 08:22,-13.4,OFF,ON,ON
14-06-2024 08:51,-12,OFF,ON,ON
14-06-2024 09:20,-13.8,OFF,ON,ON
14-06-2024 09:49,-0.3,ON,OFF,OFF
14-06-2024 09:55,10.1,OFF,OFF,OFF
14-06-2024 10:24,-12.2,OFF,ON,ON
14-06-2024 10:53,-11,OFF,ON,ON
14-06-2024 10:59,-2.4,OFF,OFF,OFF
14-06-2024 11:28,-12,OFF,ON,ON
14-06-2024 13:59,-14.3,ON,OFF,OFF
14-06-2024 14:18,2.1,OFF,OFF,OFF
14-06-2024 14:47,-8.9,OFF,ON,ON
14-06-2024 15:05,-9.9,OFF,ON,ON
14-06-2024 15:34,-8.8,OFF,ON,ON
14-06-2024 16:03,-9.9,OFF,ON,ON
14-06-2024 16:32,-9.6,OFF,ON,ON
14-06-2024 17:01,-11.2,OFF,ON,ON
14-06-2024 19:14,-10.8,OFF,ON,ON
14-06-2024 19:43,-11.6,OFF,ON,ON
14-06-2024 20:12,-12.1,OFF,ON,ON
14-06-2024 20:18,-12.2,ON,OFF,OFF
14-06-2024 20:47,4.7,OFF,ON,OFF
14-06-2024 20:48,1.6,OFF,ON,ON
14-06-2024 21:17,-8.5,OFF,ON,ON
14-06-2024 21:46,-9.8,OFF,ON,ON
14-06-2024 22:15,-10.5,OFF,ON,ON
14-06-2024 22:44,-10.6,OFF,ON,ON
14-06-2024 23:13,-11.2,OFF,ON,ON
14-06-2024 23:42,12.6,OFF,OFF,OFF
15-06-2024 00:11,-8.5,OFF,ON,ON
15-06-2024 00:40,-9.7,OFF,ON,ON
15-06-2024 01:09,-10.4,OFF,ON,ON
15-06-2024 01:38,-10.9,OFF,ON,ON
15-06-2024 01:51,-11.1,OFF,ON,ON
15-06-2024 02:17,-11.4,ON,OFF,OFF
15-06-2024 02:46,5.9,OFF,ON,OFF
15-06-2024 03:15,-10.5,OFF,ON,ON
15-06-2024 03:44,-11.4,OFF,ON,ON
15-06-2024 04:13,-11.9,OFF,ON,ON
15-06-2024 04:42,-12.3,OFF,ON,ON
15-06-2024 05:11,-12.3,OFF,ON,ON
15-06-2024 05:40,15.5,OFF,OFF,OFF
15-06-2024 06:42,-0.3,OFF,OFF,OFF
15-06-2024 07:11,-9.7,OFF,ON,ON
15-06-2024 07:40,-11.2,OFF,ON,ON
15-06-2024 08:09,-10.5,OFF,ON,ON
15-06-2024 08:38,-11.5,OFF,ON,ON
15-06-2024 09:07,-10.8,OFF,ON,ON
15-06-2024 09:36,-11.9,OFF,ON,ON
15-06-2024 09:42,-11.4,ON,OFF,OFF
15-06-2024 10:02,9.7,OFF,OFF,OFF
15-06-2024 10:31,-8.5,OFF,ON,ON
15-06-2024 11:00,-10.3,OFF,ON,ON
15-06-2024 11:29,-12.5,OFF,ON,ON
15-06-2024 11:50,-13.3,OFF,ON,ON
15-06-2024 12:19,-13,OFF,ON,ON
15-06-2024 12:48,-4.1,ON,OFF,OFF
15-06-2024 13:02,12,OFF,OFF,OFF
15-06-2024 13:31,-7.8,OFF,ON,ON
15-06-2024 16:23,0.1,OFF,OFF,OFF
15-06-2024 16:52,-8.9,OFF,ON,ON
15-06-2024 17:21,-7,OFF,ON,ON
15-06-2024 17:50,-9,OFF,ON,ON
15-06-2024 18:19,-9.1,OFF,ON,ON
15-06-2024 18:48,-10.1,OFF,ON,ON
15-06-2024 19:17,-10.7,OFF,ON,ON
15-06-2024 19:23,-10.9,ON,OFF,OFF
15-06-2024 19:52,4,OFF,ON,OFF
15-06-2024 20:21,-10.5,OFF,ON,ON
15-06-2024 20:50,-11.8,OFF,ON,ON
15-06-2024 21:19,-12.5,OFF,ON,ON
15-06-2024 21:48,-13,OFF,ON,ON
15-06-2024 22:17,-13.5,OFF,ON,ON
15-06-2024 22:23,-13.6,ON,OFF,OFF
15-06-2024 22:43,11.6,OFF,OFF,OFF
15-06-2024 23:12,-11.4,OFF,ON,ON
15-06-2024 23:41,-13.1,OFF,ON,ON
16-06-2024 00:10,-12.2,OFF,ON,ON
16-06-2024 00:39,-13.3,OFF,ON,ON
16-06-2024 01:08,-13.3,OFF,ON,ON
16-06-2024 01:23,-14.1,ON,OFF,OFF
16-06-2024 01:43,12.9,OFF,OFF,OFF
16-06-2024 02:12,-12.2,OFF,ON,ON
16-06-2024 02:41,-13.9,OFF,ON,ON
16-06-2024 02:51,-14.3,OFF,ON,ON
16-06-2024 03:20,-14.8,OFF,ON,ON
16-06-2024 03:49,-15.2,OFF,ON,ON
16-06-2024 04:18,-15.2,OFF,ON,ON
16-06-2024 04:22,-15.3,ON,OFF,OFF
16-06-2024 04:42,12.7,OFF,OFF,OFF
16-06-2024 05:11,-12.8,OFF,ON,ON
16-06-2024 05:40,-12.8,OFF,ON,ON
16-06-2024 06:09,-13.3,OFF,ON,ON
16-06-2024 06:38,-14.3,OFF,ON,ON
16-06-2024 07:07,-14.9,OFF,ON,ON
16-06-2024 07:42,12.2,OFF,OFF,OFF
16-06-2024 07:52,0.8,OFF,ON,ON
16-06-2024 08:21,-13.5,OFF,ON,ON
16-06-2024 08:50,-14.8,OFF,ON,ON
16-06-2024 09:19,-15.6,OFF,ON,ON
16-06-2024 09:48,-16,OFF,ON,ON
16-06-2024 10:17,-16.5,OFF,ON,ON
16-06-2024 10:22,-16.5,ON,OFF,OFF
16-06-2024 10:42,10.6,OFF,OFF,OFF
16-06-2024 11:11,-14.4,OFF,ON,ON
16-06-2024 11:40,-15.9,OFF,ON,ON
16-06-2024 12:20,-9,OFF,OFF,OFF
16-06-2024 12:45,-11.8,OFF,OFF,OFF
16-06-2024 12:46,-10.4,OFF,OFF,OFF
16-06-2024 13:10,-3.6,OFF,OFF,OFF
16-06-2024 14:16,-2.9,OFF,OFF,OFF
16-06-2024 14:45,-12.9,OFF,ON,ON
16-06-2024 15:14,-14.2,OFF,ON,ON
16-06-2024 15:43,-15,OFF,ON,ON
16-06-2024 16:12,-15.6,OFF,ON,ON
16-06-2024 16:41,-16,OFF,ON,ON
16-06-2024 18:08,7.1,OFF,OFF,OFF
16-06-2024 18:09,7.5,OFF,ON,ON
16-06-2024 18:38,-6,OFF,ON,ON
16-06-2024 19:07,-6.8,OFF,ON,ON
16-06-2024 19:36,-8.1,OFF,ON,ON
16-06-2024 20:05,-8.9,OFF,ON,ON
16-06-2024 20:34,-9.5,OFF,ON,ON
16-06-2024 21:03,-9.9,OFF,ON,ON
16-06-2024 21:08,-10,ON,OFF,OFF
16-06-2024 21:28,-0.2,OFF,OFF,OFF
16-06-2024 21:57,-9.2,OFF,ON,ON
16-06-2024 22:26,-10.5,OFF,ON,ON
16-06-2024 22:55,-11.1,OFF,ON,ON
16-06-2024 23:24,-11.7,OFF,ON,ON
16-06-2024 23:53,-12.2,OFF,ON,ON
17-06-2024 00:22,-0.9,ON,OFF,OFF
17-06-2024 00:28,9,OFF,OFF,OFF
17-06-2024 00:38,0.6,OFF,ON,ON
17-06-2024 01:07,-11.3,OFF,ON,ON
17-06-2024 01:36,-12.1,OFF,ON,ON
17-06-2024 02:05,-11.9,OFF,ON,ON
17-06-2024 02:34,-13.1,OFF,ON,ON
17-06-2024 03:03,-13.3,OFF,ON,ON
17-06-2024 03:28,12.2,OFF,OFF,OFF
17-06-2024 03:57,-11.5,OFF,ON,ON
17-06-2024 04:26,-12.8,OFF,ON,ON
17-06-2024 04:55,-13.7,OFF,ON,ON
17-06-2024 05:24,-11.7,OFF,ON,ON
17-06-2024 05:53,-13,OFF,ON,ON
17-06-2024 06:08,-12.4,ON,OFF,OFF
17-06-2024 06:28,12.8,OFF,OFF,OFF
17-06-2024 06:57,-11.2,OFF,ON,ON
17-06-2024 07:26,-13,OFF,ON,ON
17-06-2024 07:55,-13.7,OFF,ON,ON
17-06-2024 08:24,-14.3,OFF,ON,ON
17-06-2024 08:53,-14.6,OFF,ON,ON
17-06-2024 09:07,-14.8,ON,OFF,OFF
17-06-2024 09:36,4.8,OFF,ON,OFF
17-06-2024 09:37,0.8,OFF,ON,ON
17-06-2024 10:06,-13.6,OFF,ON,ON
17-06-2024 10:35,-14.5,OFF,ON,ON
17-06-2024 11:04,-14.9,OFF,ON,ON
17-06-2024 11:33,-15.3,OFF,ON,ON
17-06-2024 12:02,-13.7,OFF,ON,ON
17-06-2024 12:27,12.1,OFF,OFF,OFF
17-06-2024 12:37,1.6,OFF,ON,ON
17-06-2024 13:06,-13,OFF,ON,ON
17-06-2024 13:35,-12.6,OFF,ON,ON
17-06-2024 14:04,-13.4,OFF,ON,ON
18-06-2024 04:13,-15.9,OFF,ON,ON
18-06-2024 04:42,-16.4,OFF,ON,ON
18-06-2024 05:11,-17,OFF,ON,ON
18-06-2024 05:40,-16.5,OFF,ON,ON
18-06-2024 06:06,-16.5,ON,OFF,OFF
18-06-2024 06:26,11.7,OFF,OFF,OFF
18-06-2024 06:36,1.3,OFF,ON,ON
18-06-2024 07:05,-13.8,OFF,ON,ON
18-06-2024 07:34,-15.2,OFF,ON,ON
18-06-2024 08:03,-15.8,OFF,ON,ON
18-06-2024 08:32,-16.4,OFF,ON,ON
18-06-2024 09:01,-16.7,OFF,ON,ON
18-06-2024 09:11,-12.6,ON,OFF,OFF
18-06-2024 09:40,-10.9,OFF,ON,ON
18-06-2024 10:09,-15.6,OFF,ON,ON
18-06-2024 12:25,6,OFF,OFF,OFF
18-06-2024 13:06,3.9,OFF,OFF,OFF
18-06-2024 13:44,-0.1,OFF,OFF,OFF
18-06-2024 13:45,0.5,OFF,ON,ON
18-06-2024 13:57,-0.4,OFF,OFF,OFF
18-06-2024 14:26,-9.4,OFF,ON,ON
18-06-2024 14:55,-10.8,OFF,ON,ON
18-06-2024 15:53,-13.1,OFF,ON,ON
18-06-2024 16:22,-12.5,OFF,ON,ON
18-06-2024 16:51,-13.4,OFF,ON,ON
18-06-2024 16:57,-13.5,ON,OFF,OFF
18-06-2024 17:26,3.9,OFF,ON,OFF
18-06-2024 17:55,-9.5,OFF,ON,ON
18-06-2024 18:24,-10.9,OFF,ON,ON
18-06-2024 18:53,-11.7,OFF,ON,ON
18-06-2024 19:22,-12.3,OFF,ON,ON
18-06-2024 19:51,-12.8,OFF,ON,ON
18-06-2024 19:57,-12.9,ON,OFF,OFF
18-06-2024 20:26,5.1,OFF,ON,OFF
18-06-2024 20:55,-11.9,OFF,ON,ON
18-06-2024 21:24,-13,OFF,ON,ON
18-06-2024 21:53,-13.6,OFF,ON,ON
18-06-2024 22:22,-14.1,OFF,ON,ON
18-06-2024 22:51,-14.5,OFF,ON,ON
18-06-2024 22:57,-14.6,ON,OFF,OFF
18-06-2024 23:17,7.4,OFF,OFF,OFF
18-06-2024 23:27,2.1,OFF,ON,ON
18-06-2024 23:56,-13.5,OFF,ON,ON
19-06-2024 00:25,-14.4,OFF,ON,ON
19-06-2024 00:54,-15.3,OFF,ON,ON
19-06-2024 01:23,-15.8,OFF,ON,ON
19-06-2024 01:52,-16.2,OFF,ON,ON
19-06-2024 01:57,-16.2,ON,OFF,OFF
19-06-2024 02:26,4.7,OFF,ON,OFF
19-06-2024 02:55,-14.9,OFF,ON,ON
19-06-2024 03:24,-15.9,OFF,ON,ON
19-06-2024 03:53,-16.4,OFF,ON,ON
19-06-2024 04:22,-16.8,OFF,ON,ON
19-06-2024 04:51,-16.1,OFF,ON,ON
19-06-2024 05:20,14.1,OFF,OFF,OFF
19-06-2024 05:49,-14.2,OFF,ON,ON
19-06-2024 06:18,-15.6,OFF,ON,ON
19-06-2024 06:47,-16.1,OFF,ON,ON
19-06-2024 07:16,-13.7,OFF,ON,ON
19-06-2024 07:45,-15.1,OFF,ON,ON
19-06-2024 07:56,-15.4,ON,OFF,OFF
19-06-2024 08:16,8.8,OFF,OFF,OFF
19-06-2024 08:45,-13.6,OFF,ON,ON
19-06-2024 09:14,-15.3,OFF,ON,ON
19-06-2024 09:43,-15.9,OFF,ON,ON
19-06-2024 13:41,-12.9,OFF,ON,ON
19-06-2024 13:56,-13.1,ON,OFF,OFF
19-06-2024 14:16,9.9,OFF,OFF,OFF
19-06-2024 14:45,-10.3,OFF,ON,ON
19-06-2024 15:14,-12.1,OFF,ON,ON
20-06-2024 12:52,1.7,OFF,OFF,OFF
20-06-2024 13:21,-10.5,OFF,ON,ON
20-06-2024 13:50,-12.8,OFF,ON,ON
20-06-2024 14:19,-14.6,OFF,ON,ON
20-06-2024 14:48,-15.5,OFF,ON,ON
20-06-2024 15:17,-14.6,OFF,ON,ON
20-06-2024 15:46,-14.3,OFF,ON,ON
20-06-2024 15:52,-14.5,ON,OFF,OFF
20-06-2024 16:12,7,OFF,OFF,OFF
20-06-2024 16:41,-12,OFF,ON,ON
20-06-2024 17:10,-14.1,OFF,ON,ON
20-06-2024 17:39,-14.6,OFF,ON,ON